{
  "run_id": "20260221_01",
  "start_ts": 1771632000,
  "end_ts": 1771635600,
  "window_start_ts": 1771632000,
  "window_end_ts": 1771635600,
  "avg_equity": 89.40999120920691,
  "equity_start": 109.24503667523302,
  "equity_end": 109.24660789113656,
  "total_return_pct": 1.4382492343534281e-05,
  "max_drawdown_pct": 0.8169279542305803,
  "sharpe": 41.064753678032,
  "num_trades": 13,
  "num_round_trips": 12,
  "turnover_ratio": 0.1527665932939213,
  "fees_usdt_total": 0.008195315858081994,
  "slippage_usdt_total": 0.0068294298817349955,
  "slippage_coverage": 1.0,
  "cost_usdt_total": 0.01502474573981699,
  "cost_ratio": 0.00016804325262331343,
  "win_rate": 0.25,
  "profit_factor": 16800.24580779176,
  "budget": {
    "ymd_utc": "20260221",
    "avg_equity_est": 89.40999120920691,
    "turnover_used": 13.65885976346999,
    "turnover_budget_per_day": null,
    "cost_used_usdt": 0.015024745739816991,
    "cost_used_bps": 1.6804325262331345,
    "cost_budget_bps_per_day": null,
    "exceeded": false,
    "reason": null,
    "fills_count_today": 5,
    "median_notional_usdt_today": 5.70881605919e-05,
    "small_trade_ratio_today": 0.8,
    "small_trade_notional_cutoff": 1.0
  }
}