{
  "run_id": "20260221_22",
  "start_ts": 1771707600,
  "end_ts": 1771711200,
  "window_start_ts": 1771707600,
  "window_end_ts": 1771711200,
  "avg_equity": 89.41017806949355,
  "equity_start": 109.24506832015415,
  "equity_end": 109.2466100146919,
  "total_return_pct": 1.4112257527454375e-05,
  "max_drawdown_pct": 0.8169279577891678,
  "sharpe": 41.064767745994025,
  "num_trades": 1,
  "num_round_trips": 0,
  "turnover_ratio": 0.15273019062087356,
  "fees_usdt_total": 0.00819338012401,
  "slippage_usdt_total": 0.00682781677001,
  "slippage_coverage": 1.0,
  "cost_usdt_total": 0.015021196894020001,
  "cost_ratio": 0.00016800320968318462,
  "win_rate": null,
  "profit_factor": null,
  "budget": {
    "ymd_utc": "20260221",
    "avg_equity_est": 89.41017806949355,
    "turnover_used": 122.90718562531185,
    "turnover_budget_per_day": null,
    "cost_used_usdt": 0.13519790418779304,
    "cost_used_bps": 15.121086559374843,
    "cost_budget_bps_per_day": null,
    "exceeded": false,
    "reason": null,
    "fills_count_today": 18,
    "median_notional_usdt_today": 6.829383625351,
    "small_trade_ratio_today": 0.5,
    "small_trade_notional_cutoff": 1.0
  }
}