{
  "run_id": "20260220_17",
  "start_ts": 1771603200,
  "end_ts": 1771606800,
  "window_start_ts": 1771603200,
  "window_end_ts": 1771606800,
  "avg_equity": 89.41000111494877,
  "equity_start": 109.245044903051,
  "equity_end": 109.24662664472608,
  "total_return_pct": 1.447884136518418e-05,
  "max_drawdown_pct": 0.8169279856572531,
  "sharpe": 41.06475587601606,
  "num_trades": 13,
  "num_round_trips": 12,
  "turnover_ratio": 0.15276667989554804,
  "fees_usdt_total": 0.008195321411862784,
  "slippage_usdt_total": 0.006829434509883986,
  "slippage_coverage": 1.0,
  "cost_usdt_total": 0.01502475592174677,
  "cost_ratio": 0.00016804334788487915,
  "win_rate": 0.3333333333333333,
  "profit_factor": 3220011510.59412,
  "budget": {
    "ymd_utc": "20260220",
    "avg_equity_est": 89.41000111494877,
    "turnover_used": 95.59581121263871,
    "turnover_budget_per_day": null,
    "cost_used_usdt": 0.10515539233386258,
    "cost_used_bps": 11.761032437374759,
    "cost_budget_bps_per_day": null,
    "exceeded": false,
    "reason": null,
    "fills_count_today": 15,
    "median_notional_usdt_today": 0.00314203989,
    "small_trade_ratio_today": 0.5333333333333333,
    "small_trade_notional_cutoff": 1.0
  }
}