{
  "run_id": "20260221_16",
  "start_ts": 1771686000,
  "end_ts": 1771689600,
  "window_start_ts": 1771686000,
  "window_end_ts": 1771689600,
  "avg_equity": 79.49774662714673,
  "equity_start": 20.0,
  "equity_end": 109.24661994072008,
  "total_return_pct": 4.462330997036004,
  "max_drawdown_pct": 0.816927974422893,
  "sharpe": 64.89732706360822,
  "num_trades": 0,
  "turnover_ratio": 0.0,
  "fees_usdt_total": 0.0,
  "slippage_usdt_total": 0.0,
  "cost_usdt_total": 0.0,
  "cost_ratio": 0.0,
  "win_rate": null,
  "profit_factor": null,
  "budget": {
    "ymd_utc": "20260221",
    "avg_equity_est": 79.49774662714673,
    "turnover_used": 68.28462355431185,
    "turnover_budget_per_day": null,
    "cost_used_usdt": 0.07511308590967304,
    "cost_used_bps": 9.44845471683138,
    "cost_budget_bps_per_day": null,
    "exceeded": false,
    "reason": null,
    "fills_count_today": 13,
    "median_notional_usdt_today": 0.00313365984,
    "small_trade_ratio_today": 0.6153846153846154,
    "small_trade_notional_cutoff": 1.0
  }
}