{
  "schema_version": 1,
  "day": "20260222",
  "coverage": {
    "events_total": 27,
    "fills": 27,
    "missing_bidask": 14,
    "dropped_invalid": 2,
    "source": null
  },
  "buckets": {
    "BTC/USDT|Sideways|fill|lt25": {
      "count": 2,
      "spread_bps": {
        "p50": null,
        "p75": null,
        "p90": null,
        "p95": null,
        "mean": null,
        "max": null,
        "count": 0
      },
      "slippage_bps": {
        "count": 2,
        "mean": 5.0,
        "max": 5.0,
        "p50": 5.0,
        "p75": 5.0,
        "p90": 5.0,
        "p95": 5.0
      },
      "fee_bps": {
        "count": 2,
        "mean": 6.0,
        "max": 6.000000000000001,
        "p50": 5.999999999999999,
        "p75": 6.000000000000001,
        "p90": 6.000000000000001,
        "p95": 6.000000000000001
      },
      "cost_bps_total": {
        "count": 2,
        "mean": 11.0,
        "max": 11.0,
        "p50": 11.0,
        "p75": 11.0,
        "p90": 11.0,
        "p95": 11.0
      }
    },
    "BNB/USDT|Sideways|fill|lt25": {
      "count": 5,
      "spread_bps": {
        "p50": null,
        "p75": null,
        "p90": null,
        "p95": null,
        "mean": null,
        "max": null,
        "count": 0
      },
      "slippage_bps": {
        "count": 5,
        "mean": 5.0,
        "max": 5.0,
        "p50": 5.0,
        "p75": 5.0,
        "p90": 5.0,
        "p95": 5.0
      },
      "fee_bps": {
        "count": 5,
        "mean": 6.0,
        "max": 6.000000000000001,
        "p50": 6.000000000000001,
        "p75": 6.000000000000001,
        "p90": 6.000000000000001,
        "p95": 6.000000000000001
      },
      "cost_bps_total": {
        "count": 5,
        "mean": 11.0,
        "max": 11.0,
        "p50": 11.0,
        "p75": 11.0,
        "p90": 11.0,
        "p95": 11.0
      }
    },
    "BTC/USDT|Unknown|fill|100_250": {
      "count": 4,
      "spread_bps": {
        "p50": null,
        "p75": null,
        "p90": null,
        "p95": null,
        "mean": null,
        "max": null,
        "count": 0
      },
      "slippage_bps": {
        "p50": null,
        "p75": null,
        "p90": null,
        "p95": null,
        "mean": null,
        "max": null,
        "count": 0
      },
      "fee_bps": {
        "count": 4,
        "mean": 0.0,
        "max": 0.0,
        "p50": 0.0,
        "p75": 0.0,
        "p90": 0.0,
        "p95": 0.0
      },
      "cost_bps_total": {
        "count": 4,
        "mean": 0.0,
        "max": 0.0,
        "p50": 0.0,
        "p75": 0.0,
        "p90": 0.0,
        "p95": 0.0
      }
    },
    "SOL/USDT|Sideways|fill|lt25": {
      "count": 1,
      "spread_bps": {
        "p50": null,
        "p75": null,
        "p90": null,
        "p95": null,
        "mean": null,
        "max": null,
        "count": 0
      },
      "slippage_bps": {
        "count": 1,
        "mean": 5.0,
        "max": 5.0,
        "p50": 5.0,
        "p75": 5.0,
        "p90": 5.0,
        "p95": 5.0
      },
      "fee_bps": {
        "count": 1,
        "mean": 5.999999999999999,
        "max": 5.999999999999999,
        "p50": 5.999999999999999,
        "p75": 5.999999999999999,
        "p90": 5.999999999999999,
        "p95": 5.999999999999999
      },
      "cost_bps_total": {
        "count": 1,
        "mean": 11.0,
        "max": 11.0,
        "p50": 11.0,
        "p75": 11.0,
        "p90": 11.0,
        "p95": 11.0
      }
    },
    "ETH/USDT|Sideways|fill|lt25": {
      "count": 1,
      "spread_bps": {
        "p50": null,
        "p75": null,
        "p90": null,
        "p95": null,
        "mean": null,
        "max": null,
        "count": 0
      },
      "slippage_bps": {
        "count": 1,
        "mean": 5.0,
        "max": 5.0,
        "p50": 5.0,
        "p75": 5.0,
        "p90": 5.0,
        "p95": 5.0
      },
      "fee_bps": {
        "count": 1,
        "mean": 5.999999999999999,
        "max": 5.999999999999999,
        "p50": 5.999999999999999,
        "p75": 5.999999999999999,
        "p90": 5.999999999999999,
        "p95": 5.999999999999999
      },
      "cost_bps_total": {
        "count": 1,
        "mean": 11.0,
        "max": 11.0,
        "p50": 11.0,
        "p75": 11.0,
        "p90": 11.0,
        "p95": 11.0
      }
    },
    "J/USDT|Unknown|fill|lt25": {
      "count": 2,
      "spread_bps": {
        "count": 2,
        "mean": 38.38771593090222,
        "max": 38.38771593090222,
        "p50": 38.38771593090222,
        "p75": 38.38771593090222,
        "p90": 38.38771593090222,
        "p95": 38.38771593090222
      },
      "slippage_bps": {
        "count": 2,
        "mean": 88.77159309021252,
        "max": 91.17082533589381,
        "p50": 86.37236084453123,
        "p75": 91.17082533589381,
        "p90": 91.17082533589381,
        "p95": 91.17082533589381
      },
      "fee_bps": {
        "count": 2,
        "mean": 10.0,
        "max": 10.0,
        "p50": 10.0,
        "p75": 10.0,
        "p90": 10.0,
        "p95": 10.0
      },
      "cost_bps_total": {
        "count": 2,
        "mean": 97.98992694501624,
        "max": 100.34712315739544,
        "p50": 95.63273073263704,
        "p75": 100.34712315739544,
        "p90": 100.34712315739544,
        "p95": 100.34712315739544
      }
    },
    "KITE/USDT|Unknown|fill|lt25": {
      "count": 2,
      "spread_bps": {
        "count": 2,
        "mean": 4.165034996677674,
        "max": 6.69146444667507,
        "p50": 1.6386055466802774,
        "p75": 6.69146444667507,
        "p90": 6.69146444667507,
        "p95": 6.69146444667507
      },
      "slippage_bps": {
        "count": 2,
        "mean": 14.727012096316223,
        "max": 93.81016754741773,
        "p50": -64.35614335478529,
        "p75": 93.81016754741773,
        "p90": 93.81016754741773,
        "p95": 93.81016754741773
      },
      "fee_bps": {
        "count": 2,
        "mean": 10.0,
        "max": 10.0,
        "p50": 10.0,
        "p75": 10.0,
        "p90": 10.0,
        "p95": 10.0
      },
      "cost_bps_total": {
        "count": 2,
        "mean": 88.85565453681119,
        "max": 102.93831168831227,
        "p50": 74.7729973853101,
        "p75": 102.93831168831227,
        "p90": 102.93831168831227,
        "p95": 102.93831168831227
      }
    },
    "BTC/USDT|Unknown|fill|lt25": {
      "count": 2,
      "spread_bps": {
        "count": 2,
        "mean": 0.0148100079481353,
        "max": 0.014821632766749858,
        "p50": 0.014798383129520741,
        "p75": 0.014821632766749858,
        "p90": 0.014821632766749858,
        "p95": 0.014821632766749858
      },
      "slippage_bps": {
        "count": 2,
        "mean": -1.3229382511854708,
        "max": 1.934223075948701,
        "p50": -4.5800995783196425,
        "p75": 1.934223075948701,
        "p90": 1.934223075948701,
        "p95": 1.934223075948701
      },
      "fee_bps": {
        "count": 2,
        "mean": 10.0,
        "max": 10.0,
        "p50": 10.0,
        "p75": 10.0,
        "p90": 10.0,
        "p95": 10.0
      },
      "cost_bps_total": {
        "count": 2,
        "mean": 13.25839777048669,
        "max": 14.582198270756408,
        "p50": 11.934597270216972,
        "p75": 14.582198270756408,
        "p90": 14.582198270756408,
        "p95": 14.582198270756408
      }
    },
    "DOGE/USDT|Unknown|fill|lt25": {
      "count": 5,
      "spread_bps": {
        "count": 5,
        "mean": 1.050817076242279,
        "max": 1.0536852642111716,
        "p50": 1.0534632604683827,
        "p75": 1.0534632604683827,
        "p90": 1.0536852642111716,
        "p95": 1.0536852642111716
      },
      "slippage_bps": {
        "count": 5,
        "mean": 1.785572973970495,
        "max": 3.6871214116400703,
        "p50": 1.5805278963189509,
        "p75": 3.6635787931117774,
        "p90": 3.6871214116400703,
        "p95": 3.6871214116400703
      },
      "fee_bps": {
        "count": 5,
        "mean": 10.0,