{
  "schema_version": 1,
  "day": "20260220",
  "coverage": {
    "events_total": 49,
    "fills": 49,
    "missing_bidask": 49
  },
  "buckets": {
    "BTC/USDT|Sideways|fill|lt25": {
      "count": 10,
      "spread_bps": {
        "p50": null,
        "p75": null,
        "p90": null,
        "p95": null,
        "mean": null,
        "max": null,
        "count": 0
      },
      "slippage_bps": {
        "count": 10,
        "mean": 5.0,
        "max": 5.0,
        "p50": 5.0,
        "p75": 5.0,
        "p90": 5.0,
        "p95": 5.0
      },
      "fee_bps": {
        "count": 10,
        "mean": 5.999999999999999,
        "max": 6.000000000000001,
        "p50": 5.999999999999999,
        "p75": 6.000000000000001,
        "p90": 6.000000000000001,
        "p95": 6.000000000000001
      },
      "cost_bps_total": {
        "count": 10,
        "mean": 11.0,
        "max": 11.0,
        "p50": 10.999999999999998,
        "p75": 11.0,
        "p90": 11.0,
        "p95": 11.0
      }
    },
    "ETH/USDT|Sideways|fill|lt25": {
      "count": 4,
      "spread_bps": {
        "p50": null,
        "p75": null,
        "p90": null,
        "p95": null,
        "mean": null,
        "max": null,
        "count": 0
      },
      "slippage_bps": {
        "count": 4,
        "mean": 5.0,
        "max": 5.0,
        "p50": 5.0,
        "p75": 5.0,
        "p90": 5.0,
        "p95": 5.0
      },
      "fee_bps": {
        "count": 4,
        "mean": 5.999999999999999,
        "max": 6.000000000000001,
        "p50": 5.999999999999999,
        "p75": 5.999999999999999,
        "p90": 6.000000000000001,
        "p95": 6.000000000000001
      },
      "cost_bps_total": {
        "count": 4,
        "mean": 11.0,
        "max": 11.0,
        "p50": 11.0,
        "p75": 11.0,
        "p90": 11.0,
        "p95": 11.0
      }
    },
    "SOL/USDT|Sideways|fill|lt25": {
      "count": 4,
      "spread_bps": {
        "p50": null,
        "p75": null,
        "p90": null,
        "p95": null,
        "mean": null,
        "max": null,
        "count": 0
      },
      "slippage_bps": {
        "count": 4,
        "mean": 5.0,
        "max": 5.000000000000001,
        "p50": 5.0,
        "p75": 5.0,
        "p90": 5.000000000000001,
        "p95": 5.000000000000001
      },
      "fee_bps": {
        "count": 4,
        "mean": 6.0,
        "max": 6.000000000000001,
        "p50": 6.000000000000001,
        "p75": 6.000000000000001,
        "p90": 6.000000000000001,
        "p95": 6.000000000000001
      },
      "cost_bps_total": {
        "count": 4,
        "mean": 10.999999999999998,
        "max": 11.0,
        "p50": 10.999999999999998,
        "p75": 10.999999999999998,
        "p90": 11.0,
        "p95": 11.0
      }
    },
    "BNB/USDT|Sideways|fill|lt25": {
      "count": 4,
      "spread_bps": {
        "p50": null,
        "p75": null,
        "p90": null,
        "p95": null,
        "mean": null,
        "max": null,
        "count": 0
      },
      "slippage_bps": {
        "count": 4,
        "mean": 5.0,
        "max": 5.0,
        "p50": 5.0,
        "p75": 5.0,
        "p90": 5.0,
        "p95": 5.0
      },
      "fee_bps": {
        "count": 4,
        "mean": 6.0,
        "max": 6.000000000000001,
        "p50": 6.000000000000001,
        "p75": 6.000000000000001,
        "p90": 6.000000000000001,
        "p95": 6.000000000000001
      },
      "cost_bps_total": {
        "count": 4,
        "mean": 11.0,
        "max": 11.0,
        "p50": 11.0,
        "p75": 11.0,
        "p90": 11.0,
        "p95": 11.0
      }
    },
    "SPACE/USDT|Sideways|fill|lt25": {
      "count": 3,
      "spread_bps": {
        "p50": null,
        "p75": null,
        "p90": null,
        "p95": null,
        "mean": null,
        "max": null,
        "count": 0
      },
      "slippage_bps": {
        "count": 3,
        "mean": 5.0,
        "max": 5.0,
        "p50": 5.0,
        "p75": 5.0,
        "p90": 5.0,
        "p95": 5.0
      },
      "fee_bps": {
        "count": 3,
        "mean": 6.0,
        "max": 6.0,
        "p50": 6.0,
        "p75": 6.0,
        "p90": 6.0,
        "p95": 6.0
      },
      "cost_bps_total": {
        "count": 3,
        "mean": 11.0,
        "max": 11.0,
        "p50": 11.0,
        "p75": 11.0,
        "p90": 11.0,
        "p95": 11.0
      }
    },
    "AAVE/USDT|Sideways|fill|lt25": {
      "count": 3,
      "spread_bps": {
        "p50": null,
        "p75": null,
        "p90": null,
        "p95": null,
        "mean": null,
        "max": null,
        "count": 0
      },
      "slippage_bps": {
        "count": 3,
        "mean": 5.0,
        "max": 5.0,
        "p50": 5.0,
        "p75": 5.0,
        "p90": 5.0,
        "p95": 5.0
      },
      "fee_bps": {
        "count": 3,
        "mean": 6.0,
        "max": 6.0,
        "p50": 6.0,
        "p75": 6.0,
        "p90": 6.0,
        "p95": 6.0
      },
      "cost_bps_total": {
        "count": 3,
        "mean": 11.0,
        "max": 11.0,
        "p50": 11.0,
        "p75": 11.0,
        "p90": 11.0,
        "p95": 11.0
      }
    },
    "MERL/USDT|Sideways|fill|lt25": {
      "count": 3,
      "spread_bps": {
        "p50": null,
        "p75": null,
        "p90": null,
        "p95": null,
        "mean": null,
        "max": null,
        "count": 0
      },
      "slippage_bps": {
        "count": 3,
        "mean": 5.0,
        "max": 5.0,
        "p50": 5.0,
        "p75": 5.0,
        "p90": 5.0,
        "p95": 5.0
      },
      "fee_bps": {
        "count": 3,
        "mean": 6.0,
        "max": 6.0,
        "p50": 6.0,
        "p75": 6.0,
        "p90": 6.0,
        "p95": 6.0
      },
      "cost_bps_total": {
        "count": 3,
        "mean": 11.0,
        "max": 11.0,
        "p50": 11.0,
        "p75": 11.0,
        "p90": 11.0,
        "p95": 11.0
      }
    },
    "PEPE/USDT|Sideways|fill|lt25": {
      "count": 3,
      "spread_bps": {
        "p50": null,
        "p75": null,
        "p90": null,
        "p95": null,
        "mean": null,
        "max": null,
        "count": 0
      },
      "slippage_bps": {
        "count": 3,
        "mean": 5.0,
        "max": 5.0,
        "p50": 5.0,
        "p75": 5.0,
        "p90": 5.0,
        "p95": 5.0
      },
      "fee_bps": {
        "count": 3,
        "mean": 6.0,
        "max": 6.0,
        "p50": 6.0,
        "p75": 6.0,
        "p90": 6.0,
        "p95": 6.0
      },
      "cost_bps_total": {
        "count": 3,
        "mean": 11.0,
        "max": 11.0,
        "p50": 11.0,
        "p75": 11.0,
        "p90": 11.0,
        "p95": 11.0
      }
    },
    "DOT/USDT|Sideways|fill|lt25": {
      "count": 3,
      "spread_bps": {
        "p50": null,
        "p75": null,
        "p90": null,
        "p95": null,
        "mean": null,
        "max": null,
        "count": 0
      },
      "slippage_bps": {
        "count": 3,
        "mean": 5.0,
        "max": 5.0,
        "p50": 5.0,
        "p75": 5.0,
        "p90": 5.0,
        "p95": 5.0
      },
      "fee_bps": {
        "count": 3,
        "mean": 6.0,
        "max": 6.0,
        "p50": 6.0,
        "p75": 6.0,
        "p90": 6.0,
        "p95": 6.0
      },
      "cost_bps_total": {
        "count": 3,
        "mean": 11.0,
        "max": 11.0,
        "p50": 11.0,
        "p75": 11.0,
        "p90": 11.0,
        "p95": 11.0
      }
    },
    "DOGE/USDT|Sideways|fill|lt25": {
      "count": 3,
      "spread_bps": {
        "p50": null,
        "p75": null,
        "p90": null,
        "p95": null,
        "mean": null,
        "max": null,
        "count": 0
      },
      "slippage_bps": {
        "count": 3,
        "mean": 5.0,
        "max": 5.0,
        "p50": 5.0,
        "p75": 5.0,
        "p90": 5.0,
        "p95": 5.0
      },
      "fee_bps": {
        "count": 3,
        "mean": 6.0,
        "max": 6.0,
        "p50": 6.0,
        "p75": 6.0,
        "p90": 6.0,
        "p95": 6.0
      },