{
  "run_id": "20260219_05",
  "start_ts": 1771473600,
  "end_ts": 1771477200,
  "window_start_ts": 1771473600,
  "window_end_ts": 1771477200,
  "avg_equity": 80.64185868702316,
  "equity_start": 20.0,
  "equity_end": 110.96278803053475,
  "total_return_pct": 4.548139401526738,
  "max_drawdown_pct": 0.8197593954245599,
  "sharpe": 65.07166513658714,
  "num_trades": 0,
  "turnover_ratio": 0.0,
  "fees_usdt_total": 0.0,
  "slippage_usdt_total": 0.0,
  "cost_usdt_total": 0.0,
  "cost_ratio": 0.0,
  "win_rate": null,
  "profit_factor": null,
  "budget": {
    "ymd_utc": "20260219",
    "avg_equity_est": 80.64185868702316,
    "turnover_used": 13.8700916107,
    "turnover_budget_per_day": null,
    "cost_used_usdt": 0.01525710077173,
    "cost_used_bps": 1.8919579756890157,
    "cost_budget_bps_per_day": null,
    "exceeded": false,
    "reason": null,
    "fills_count_today": 1,
    "median_notional_usdt_today": 13.8700916107,
    "small_trade_ratio_today": 0.0,
    "small_trade_notional_cutoff": 1.0
  }
}