{
  "run_id": "20260217_21",
  "start_ts": 1771358400,
  "end_ts": 1771362000,
  "window_start_ts": 1771358400,
  "window_end_ts": 1771362000,
  "avg_equity": 114.38865618042175,
  "equity_start": 112.57442865187092,
  "equity_end": 152.8698096640108,
  "total_return_pct": 0.3579443528578832,
  "max_drawdown_pct": 0.8691697200123585,
  "sharpe": 46.37195742336442,
  "num_trades": 12,
  "num_round_trips": 12,
  "turnover_ratio": 0.3527394025228598,
  "fees_usdt_total": 0.024209631741884882,
  "slippage_usdt_total": 0.0201746931182374,
  "slippage_coverage": 1.0,
  "cost_usdt_total": 0.04438432486012228,
  "cost_ratio": 0.00038801334277514576,
  "win_rate": 0.3333333333333333,
  "profit_factor": 0.21657665276825844,
  "budget": {
    "ymd_utc": "20260217",
    "avg_equity_est": 114.38865618042175,
    "turnover_used": 231.054952199531,
    "turnover_budget_per_day": null,
    "cost_used_usdt": 0.2541604474195601,
    "cost_used_bps": 22.219025549061488,
    "cost_budget_bps_per_day": null,
    "exceeded": false,
    "reason": null,
    "fills_count_today": 18,
    "median_notional_usdt_today": 1.249934219025,
    "small_trade_ratio_today": 0.5,
    "small_trade_notional_cutoff": 1.0
  }
}