{
  "run_id": "20260220_19",
  "start_ts": 1771610400,
  "end_ts": 1771614000,
  "window_start_ts": 1771610400,
  "window_end_ts": 1771614000,
  "avg_equity": 89.41000989772468,
  "equity_start": 109.24505702203678,
  "equity_end": 109.24663684440434,
  "total_return_pct": 1.4461270931853676e-05,
  "max_drawdown_pct": 0.8169280027495472,
  "sharpe": 41.06475704055776,
  "num_trades": 13,
  "num_round_trips": 12,
  "turnover_ratio": 0.15276681737646597,
  "fees_usdt_total": 0.008195329592174233,
  "slippage_usdt_total": 0.00682944132681686,
  "slippage_coverage": 1.0,
  "cost_usdt_total": 0.015024770918991093,
  "cost_ratio": 0.00016804349911355335,
  "win_rate": 0.3333333333333333,
  "profit_factor": 3222762495.2647996,
  "budget": {
    "ymd_utc": "20260220",
    "avg_equity_est": 89.41000989772468,
    "turnover_used": 109.25469386631244,
    "turnover_budget_per_day": null,
    "cost_used_usdt": 0.12018016325285368,
    "cost_used_bps": 13.441466273220046,
    "cost_budget_bps_per_day": null,
    "exceeded": false,
    "reason": null,
    "fills_count_today": 20,
    "median_notional_usdt_today": 0.0031146171740000003,
    "small_trade_ratio_today": 0.6,
    "small_trade_notional_cutoff": 1.0
  }
}