{
  "run_id": "20260217_08",
  "start_ts": 1771311600,
  "end_ts": 1771315200,
  "window_start_ts": 1771311600,
  "window_end_ts": 1771315200,
  "avg_equity": 112.90422102823898,
  "equity_start": 112.904221028239,
  "equity_end": 112.904221028239,
  "total_return_pct": 0.0,
  "max_drawdown_pct": 0.0,
  "sharpe": 0.0,
  "num_trades": 0,
  "turnover_ratio": 0.0,
  "fees_usdt_total": 0.0,
  "slippage_usdt_total": 0.0,
  "cost_usdt_total": 0.0,
  "cost_ratio": 0.0,
  "win_rate": null,
  "profit_factor": null,
  "budget": {
    "ymd_utc": "20260217",
    "avg_equity_est": 112.90422102823898,
    "turnover_used": 164.5730043832582,
    "turnover_budget_per_day": null,
    "cost_used_usdt": 0.18103030482163002,
    "cost_used_bps": 16.033971376176602,
    "cost_budget_bps_per_day": null,
    "exceeded": false,
    "reason": null,
    "fills_count_today": 9,
    "median_notional_usdt_today": 28.2281252457,
    "small_trade_ratio_today": 0.4444444444444444,
    "small_trade_notional_cutoff": 25.0
  }
}