{
  "run_id": "20260228_05",
  "start_ts": 1772222400,
  "end_ts": 1772226000,
  "window_start_ts": 1772222400,
  "window_end_ts": 1772226000,
  "avg_equity": 104.00462926728876,
  "equity_start": 103.16967486460798,
  "equity_end": 109.01435568337347,
  "total_return_ratio": 0.056651150897156555,
  "total_return_pct": 5.6651150897156555,
  "max_drawdown_pct": 0.0,
  "sharpe": 41.856899070930154,
  "num_trades": 0,
  "turnover_ratio": 0.0,
  "fees_usdt_total": 0.0,
  "slippage_usdt_total": 0.0,
  "cost_usdt_total": 0.0,
  "cost_ratio": 0.0,
  "win_rate": null,
  "profit_factor": null,
  "budget": {
    "ymd_utc": "20260227",
    "avg_equity_est": 104.00462926728876,
    "turnover_used": 14.981494816849999,
    "turnover_budget_per_day": null,
    "cost_used_usdt": 0.025665170466849997,
    "cost_used_bps": 2.467695010083761,
    "cost_budget_bps_per_day": null,
    "exceeded": false,
    "reason": null,
    "fills_count_today": 5,
    "median_notional_usdt_today": 2.8695,
    "small_trade_ratio_today": 0.0,
    "small_trade_notional_cutoff": 2.5
  },
  "exit_signals": []
}