{
  "run_id": "20260219_08",
  "start_ts": 1771484400,
  "end_ts": 1771488000,
  "window_start_ts": 1771484400,
  "window_end_ts": 1771488000,
  "avg_equity": 80.64170618015108,
  "equity_start": 20.0,
  "equity_end": 110.96255927022662,
  "total_return_pct": 4.548127963511331,
  "max_drawdown_pct": 0.8197590238406984,
  "sharpe": 65.0716422459906,
  "num_trades": 0,
  "turnover_ratio": 0.0,
  "fees_usdt_total": 0.0,
  "slippage_usdt_total": 0.0,
  "cost_usdt_total": 0.0,
  "cost_ratio": 0.0,
  "win_rate": null,
  "profit_factor": null,
  "budget": {
    "ymd_utc": "20260219",
    "avg_equity_est": 80.64170618015108,
    "turnover_used": 13.8700916107,
    "turnover_budget_per_day": null,
    "cost_used_usdt": 0.01525710077173,
    "cost_used_bps": 1.8919615536960628,
    "cost_budget_bps_per_day": null,
    "exceeded": false,
    "reason": null,
    "fills_count_today": 1,
    "median_notional_usdt_today": 13.8700916107,
    "small_trade_ratio_today": 0.0,
    "small_trade_notional_cutoff": 1.0
  }
}