{
  "run_id": "20260219_23",
  "start_ts": 1771538400,
  "end_ts": 1771542000,
  "window_start_ts": 1771538400,
  "window_end_ts": 1771542000,
  "avg_equity": 79.49765051198752,
  "equity_start": 20.0,
  "equity_end": 109.24647576798127,
  "total_return_pct": 4.462323788399063,
  "max_drawdown_pct": 0.8169277328224647,
  "sharpe": 64.89731219494051,
  "num_trades": 0,
  "turnover_ratio": 0.0,
  "fees_usdt_total": 0.0,
  "slippage_usdt_total": 0.0,
  "cost_usdt_total": 0.0,
  "cost_ratio": 0.0,
  "win_rate": null,
  "profit_factor": null,
  "budget": {
    "ymd_utc": "20260219",
    "avg_equity_est": 79.49765051198752,
    "turnover_used": 82.81650089927868,
    "turnover_budget_per_day": null,
    "cost_used_usdt": 0.09109815098915655,
    "cost_used_bps": 11.459225574901712,
    "cost_budget_bps_per_day": null,
    "exceeded": false,
    "reason": null,
    "fills_count_today": 21,
    "median_notional_usdt_today": 0.00309598952,
    "small_trade_ratio_today": 0.7142857142857143,
    "small_trade_notional_cutoff": 1.0
  }
}