{
  "run_id": "20260217_10",
  "start_ts": 1771318800,
  "end_ts": 1771322400,
  "window_start_ts": 1771318800,
  "window_end_ts": 1771322400,
  "avg_equity": 92.23753033050997,
  "equity_start": 112.904221028239,
  "equity_end": 112.84029628721123,
  "total_return_pct": -0.0005661855725639375,
  "max_drawdown_pct": 0.8228587043260526,
  "sharpe": 41.466042236463686,
  "num_trades": 0,
  "turnover_ratio": 0.0,
  "fees_usdt_total": 4.806190816,
  "slippage_usdt_total": 0.0,
  "cost_usdt_total": 4.806190816,
  "cost_ratio": 0.04256874342012334,
  "win_rate": null,
  "profit_factor": null,
  "budget": {
    "ymd_utc": "20260217",
    "avg_equity_est": 92.23753033050997,
    "turnover_used": 164.5730043832582,
    "turnover_budget_per_day": null,
    "cost_used_usdt": 0.18103030482163002,
    "cost_used_bps": 19.62653425053267,
    "cost_budget_bps_per_day": null,
    "exceeded": false,
    "reason": null,
    "fills_count_today": 9,
    "median_notional_usdt_today": 28.2281252457,
    "small_trade_ratio_today": 0.3333333333333333,
    "small_trade_notional_cutoff": 1.0
  }
}