{
  "run_id": "20260218_03",
  "start_ts": 1771380000,
  "end_ts": 1771383600,
  "window_start_ts": 1771380000,
  "window_end_ts": 1771383600,
  "avg_equity": 80.64181720994169,
  "equity_start": 20.0,
  "equity_end": 110.96272581491255,
  "total_return_pct": 4.548136290745627,
  "max_drawdown_pct": 0.8197592943655666,
  "sharpe": 65.07165891107257,
  "num_trades": 0,
  "turnover_ratio": 0.0,
  "fees_usdt_total": 0.0,
  "slippage_usdt_total": 0.0,
  "cost_usdt_total": 0.0,
  "cost_ratio": 0.0,
  "win_rate": null,
  "profit_factor": null,
  "budget": {
    "ymd_utc": "20260218",
    "avg_equity_est": 80.64181720994169,
    "turnover_used": 0.00958980090505,
    "turnover_budget_per_day": null,
    "cost_used_usdt": 1.0548780995549998e-05,
    "cost_used_bps": 0.0013081030860313404,
    "cost_budget_bps_per_day": null,
    "exceeded": false,
    "reason": null,
    "fills_count_today": 4,
    "median_notional_usdt_today": 0.001593462931,
    "small_trade_ratio_today": 1.0,
    "small_trade_notional_cutoff": 1.0
  }
}