{
  "run_id": "20260225_16",
  "start_ts": 1772031600,
  "end_ts": 1772035200,
  "window_start_ts": 1772031600,
  "window_end_ts": 1772035200,
  "avg_equity": 109.38400826063713,
  "equity_start": 109.18066412163714,
  "equity_end": 109.79069653863714,
  "total_return_ratio": 0.005587366791617754,
  "total_return_pct": 0.5587366791617754,
  "max_drawdown_pct": 0.0,
  "sharpe": 93.59487162087841,
  "num_trades": 3,
  "num_round_trips": 0,
  "turnover_ratio": 0.035436448038765826,
  "fees_usdt_total": 0.003876180725,
  "slippage_usdt_total": 0.0015995624999999999,
  "slippage_coverage": 1.0,
  "cost_usdt_total": 0.0054757432249999995,
  "cost_ratio": 5.005981506869407e-05,
  "win_rate": null,
  "profit_factor": null,
  "budget": {
    "ymd_utc": "20260225",
    "avg_equity_est": 109.38400826063713,
    "turnover_used": 23.477543845430002,
    "turnover_budget_per_day": null,
    "cost_used_usdt": 0.0280778289804301,
    "cost_used_bps": 2.56690437906856,
    "cost_budget_bps_per_day": null,
    "exceeded": false,
    "reason": null,
    "fills_count_today": 13,
    "median_notional_usdt_today": 1.631192,
    "small_trade_ratio_today": 0.0,
    "small_trade_notional_cutoff": 0.0
  },
  "exit_signals": []
}