{
  "run_id": "20260219_20",
  "start_ts": 1771527600,
  "end_ts": 1771531200,
  "window_start_ts": 1771527600,
  "window_end_ts": 1771531200,
  "avg_equity": 89.40992616146632,
  "equity_start": 109.24499927624545,
  "equity_end": 109.24646258237735,
  "total_return_pct": 1.3394719589721049e-05,
  "max_drawdown_pct": 0.8169277107263864,
  "sharpe": 41.06473654081745,
  "num_trades": 13,
  "num_round_trips": 12,
  "turnover_ratio": 0.15276623386217567,
  "fees_usdt_total": 0.008195290613769453,
  "slippage_usdt_total": 0.006829408844811211,
  "slippage_coverage": 1.0,
  "cost_usdt_total": 0.015024699458580664,
  "cost_ratio": 0.0001680428572488406,
  "win_rate": 0.25,
  "profit_factor": 276219.6561567375,
  "budget": {
    "ymd_utc": "20260219",
    "avg_equity_est": 89.40992616146632,
    "turnover_used": 69.1576701680321,
    "turnover_budget_per_day": null,
    "cost_used_usdt": 0.07607343718478532,
    "cost_used_bps": 8.508388324513714,
    "cost_budget_bps_per_day": null,
    "exceeded": false,
    "reason": null,
    "fills_count_today": 16,
    "median_notional_usdt_today": 0.003097450043,
    "small_trade_ratio_today": 0.6875,
    "small_trade_notional_cutoff": 1.0
  }
}