{
  "run_id": "20260222_00",
  "start_ts": 1771714800,
  "end_ts": 1771718400,
  "window_start_ts": 1771714800,
  "window_end_ts": 1771718400,
  "avg_equity": 89.4101742545125,
  "equity_start": 109.24505384601797,
  "equity_end": 109.24661232556521,
  "total_return_pct": 1.4265904884291913e-05,
  "max_drawdown_pct": 0.8169279616616567,
  "sharpe": 41.0647682234837,
  "num_trades": 3,
  "num_round_trips": 2,
  "turnover_ratio": 0.15273098977933985,
  "fees_usdt_total": 0.008193422646110967,
  "slippage_usdt_total": 0.0068278522050974726,
  "slippage_coverage": 1.0,
  "cost_usdt_total": 0.01502127485120844,
  "cost_ratio": 0.00016800408875671465,
  "win_rate": 0.5,
  "profit_factor": 28.81518068513469,
  "budget": {
    "ymd_utc": "20260222",
    "avg_equity_est": 89.4101742545125,
    "turnover_used": 13.655704410234945,
    "turnover_budget_per_day": null,
    "cost_used_usdt": 0.015021274851208442,
    "cost_used_bps": 1.6800408875671464,
    "cost_budget_bps_per_day": null,
    "exceeded": false,
    "reason": null,
    "fills_count_today": 3,
    "median_notional_usdt_today": 5.75885187447e-05,
    "small_trade_ratio_today": 0.6666666666666666,
    "small_trade_notional_cutoff": 1.0
  }
}