{
  "run_id": "20260220_04",
  "start_ts": 1771556400,
  "end_ts": 1771560000,
  "window_start_ts": 1771556400,
  "window_end_ts": 1771560000,
  "avg_equity": 89.41015284354458,
  "equity_start": 109.2450217180615,
  "equity_end": 109.24658820467228,
  "total_return_pct": 1.433920361915142e-05,
  "max_drawdown_pct": 0.8169279212406138,
  "sharpe": 41.064765557433404,
  "num_trades": 1,
  "num_round_trips": 0,
  "turnover_ratio": 0.15273016856033633,
  "fees_usdt_total": 0.00819337662885,
  "slippage_usdt_total": 0.00682781385738,
  "slippage_coverage": 1.0,
  "cost_usdt_total": 0.015021190486230001,
  "cost_ratio": 0.00016800318541581078,
  "win_rate": null,
  "profit_factor": null,
  "budget": {
    "ymd_utc": "20260220",
    "avg_equity_est": 89.41015284354458,
    "turnover_used": 13.6556277148,
    "turnover_budget_per_day": null,
    "cost_used_usdt": 0.015021190486230001,
    "cost_used_bps": 1.6800318541581079,
    "cost_budget_bps_per_day": null,
    "exceeded": false,
    "reason": null,
    "fills_count_today": 1,
    "median_notional_usdt_today": 13.6556277148,
    "small_trade_ratio_today": 0.0,
    "small_trade_notional_cutoff": 1.0
  }
}