{
  "run_id": "20260219_16",
  "start_ts": 1771513200,
  "end_ts": 1771516800,
  "window_start_ts": 1771513200,
  "window_end_ts": 1771516800,
  "avg_equity": 90.7444565769854,
  "equity_start": 110.96057426213709,
  "equity_end": 110.9622268324148,
  "total_return_pct": 1.4893310427588347e-05,
  "max_drawdown_pct": 0.8197584838468878,
  "sharpe": 41.25914651749445,
  "num_trades": 2,
  "num_round_trips": 1,
  "turnover_ratio": 0.15288148095543838,
  "fees_usdt_total": 0.0083238881459716,
  "slippage_usdt_total": 0.006936573454973,
  "slippage_coverage": 1.0,
  "cost_usdt_total": 0.015260461600944599,
  "cost_ratio": 0.00016816962905054144,
  "win_rate": 0.0,
  "profit_factor": 0.0,
  "budget": {
    "ymd_utc": "20260219",
    "avg_equity_est": 90.7444565769854,
    "turnover_used": 41.61945989691247,
    "turnover_budget_per_day": null,
    "cost_used_usdt": 0.04578140588647371,
    "cost_used_bps": 5.045091194924273,
    "cost_budget_bps_per_day": null,
    "exceeded": false,
    "reason": null,
    "fills_count_today": 6,
    "median_notional_usdt_today": 6.9380924798632355,
    "small_trade_ratio_today": 0.5,
    "small_trade_notional_cutoff": 1.0
  }
}