{
  "run_id": "20260220_09",
  "start_ts": 1771574400,
  "end_ts": 1771578000,
  "window_start_ts": 1771574400,
  "window_end_ts": 1771578000,
  "avg_equity": 79.49769831382572,
  "equity_start": 20.0,
  "equity_end": 109.24654747073859,
  "total_return_pct": 4.4623273735369295,
  "max_drawdown_pct": 0.8169278529799127,
  "sharpe": 64.89731958971683,
  "num_trades": 0,
  "turnover_ratio": 0.0,
  "fees_usdt_total": 0.0,
  "slippage_usdt_total": 0.0,
  "cost_usdt_total": 0.0,
  "cost_ratio": 0.0,
  "win_rate": null,
  "profit_factor": null,
  "budget": {
    "ymd_utc": "20260220",
    "avg_equity_est": 79.49769831382572,
    "turnover_used": 68.2781375615,
    "turnover_budget_per_day": null,
    "cost_used_usdt": 0.07510595131761,
    "cost_used_bps": 9.447563000015569,
    "cost_budget_bps_per_day": null,
    "exceeded": false,
    "reason": null,
    "fills_count_today": 5,
    "median_notional_usdt_today": 13.6556278034,
    "small_trade_ratio_today": 0.0,
    "small_trade_notional_cutoff": 1.0
  }
}