{
  "run_id": "20260219_19",
  "start_ts": 1771524000,
  "end_ts": 1771527600,
  "window_start_ts": 1771524000,
  "window_end_ts": 1771527600,
  "avg_equity": 90.17241202012323,
  "equity_start": 110.96069558752427,
  "equity_end": 109.24648683156383,
  "total_return_pct": -0.015448792447486981,
  "max_drawdown_pct": 0.8197559965346083,
  "sharpe": 41.05759471338735,
  "num_trades": 13,
  "num_round_trips": 12,
  "turnover_ratio": 0.1539206090931651,
  "fees_usdt_total": 0.00832763554894233,
  "slippage_usdt_total": 0.006939696290788611,
  "slippage_coverage": 1.0,
  "cost_usdt_total": 0.015267331839730941,
  "cost_ratio": 0.00016931267000292531,
  "win_rate": 0.3333333333333333,
  "profit_factor": 9280654253.654917,
  "budget": {
    "ymd_utc": "20260219",
    "avg_equity_est": 90.17241202012323,
    "turnover_used": 55.49885247844968,
    "turnover_budget_per_day": null,
    "cost_used_usdt": 0.06104873772620465,
    "cost_used_bps": 6.770223437361393,
    "cost_budget_bps_per_day": null,
    "exceeded": false,
    "reason": null,
    "fills_count_today": 11,
    "median_notional_usdt_today": 0.00611317692647,
    "small_trade_ratio_today": 0.6363636363636364,
    "small_trade_notional_cutoff": 1.0
  }
}