{
  "run_id": "20260219_04",
  "start_ts": 1771470000,
  "end_ts": 1771473600,
  "window_start_ts": 1771470000,
  "window_end_ts": 1771473600,
  "avg_equity": 90.7447787079321,
  "equity_start": 110.96073288535452,
  "equity_end": 110.96283097921724,
  "total_return_pct": 1.890843551732857e-05,
  "max_drawdown_pct": 0.8197594651875284,
  "sharpe": 41.259219612467625,
  "num_trades": 1,
  "num_round_trips": 0,
  "turnover_ratio": 0.15284726910119845,
  "fees_usdt_total": 0.0083220549664,
  "slippage_usdt_total": 0.00693504580533,
  "slippage_coverage": 1.0,
  "cost_usdt_total": 0.01525710077173,
  "cost_ratio": 0.0001681319960108775,
  "win_rate": null,
  "profit_factor": null,
  "budget": {
    "ymd_utc": "20260219",
    "avg_equity_est": 90.7447787079321,
    "turnover_used": 13.8700916107,
    "turnover_budget_per_day": null,
    "cost_used_usdt": 0.01525710077173,
    "cost_used_bps": 1.681319960108775,
    "cost_budget_bps_per_day": null,
    "exceeded": false,
    "reason": null,
    "fills_count_today": 1,
    "median_notional_usdt_today": 13.8700916107,
    "small_trade_ratio_today": 0.0,
    "small_trade_notional_cutoff": 1.0
  }
}