{
  "run_id": "20260225_14",
  "start_ts": 1772024400,
  "end_ts": 1772028000,
  "window_start_ts": 1772024400,
  "window_end_ts": 1772028000,
  "avg_equity": 107.76172379010579,
  "equity_start": 107.1449865801242,
  "equity_end": 108.99519821006899,
  "total_return_ratio": 0.017268298676403226,
  "total_return_pct": 1.7268298676403226,
  "max_drawdown_pct": 0.0,
  "sharpe": 93.59487164354064,
  "num_trades": 0,
  "turnover_ratio": 0.0,
  "fees_usdt_total": 0.0,
  "slippage_usdt_total": 0.0,
  "cost_usdt_total": 0.0,
  "cost_ratio": 0.0,
  "win_rate": null,
  "profit_factor": null,
  "budget": {
    "ymd_utc": "20260225",
    "avg_equity_est": 107.76172379010579,
    "turnover_used": 19.60136312043,
    "turnover_budget_per_day": null,
    "cost_used_usdt": 0.0226020857554301,
    "cost_used_bps": 2.097413159374992,
    "cost_budget_bps_per_day": null,
    "exceeded": false,
    "reason": null,
    "fills_count_today": 10,
    "median_notional_usdt_today": 1.8409914600000001,
    "small_trade_ratio_today": 0.0,
    "small_trade_notional_cutoff": 0.0
  },
  "exit_signals": []
}