{
  "run_id": "20260225_11",
  "start_ts": 1772013600,
  "end_ts": 1772017200,
  "window_start_ts": 1772013600,
  "window_end_ts": 1772017200,
  "avg_equity": 109.97126109417677,
  "equity_start": 108.69599919691342,
  "equity_end": 112.52178488870342,
  "total_return_ratio": 0.0351971159937472,
  "total_return_pct": 3.5197115993747197,
  "max_drawdown_pct": 0.0,
  "sharpe": 93.59487164906241,
  "num_trades": 7,
  "num_round_trips": 0,
  "turnover_ratio": 0.09593789331373477,
  "fees_usdt_total": 0.010550411114430001,
  "slippage_usdt_total": 0.0020350630449997003,
  "slippage_coverage": 1.0,
  "cost_usdt_total": 0.012585474159429701,
  "cost_ratio": 0.00011444330122441535,
  "win_rate": null,
  "profit_factor": null,
  "budget": {
    "ymd_utc": "20260225",
    "avg_equity_est": 109.97126109417677,
    "turnover_used": 17.749322600430002,
    "turnover_budget_per_day": null,
    "cost_used_usdt": 0.020417900235430102,
    "cost_used_bps": 1.856657824260531,
    "cost_budget_bps_per_day": null,
    "exceeded": false,
    "reason": null,
    "fills_count_today": 9,
    "median_notional_usdt_today": 1.8299424,
    "small_trade_ratio_today": 0.0,
    "small_trade_notional_cutoff": 0.0
  },
  "exit_signals": []
}