{
  "run_id": "20260222_05",
  "start_ts": 1771732800,
  "end_ts": 1771736400,
  "window_start_ts": 1771732800,
  "window_end_ts": 1771736400,
  "avg_equity": 89.41016045197392,
  "equity_start": 109.24505423626438,
  "equity_end": 109.24657662583289,
  "total_return_pct": 1.3935546823162781e-05,
  "max_drawdown_pct": 0.8169279018371481,
  "sharpe": 41.06476367255495,
  "num_trades": 3,
  "num_round_trips": 2,
  "turnover_ratio": 0.15276571226475696,
  "fees_usdt_total": 0.0081952841071112,
  "slippage_usdt_total": 0.006829403422596,
  "slippage_coverage": 1.0,
  "cost_usdt_total": 0.0150246875297072,
  "cost_ratio": 0.00016804228349168003,
  "win_rate": 0.5,
  "profit_factor": 15274.419570765634,
  "budget": {
    "ymd_utc": "20260222",
    "avg_equity_est": 89.41016045197392,
    "turnover_used": 27.314511255386947,
    "turnover_budget_per_day": null,
    "cost_used_usdt": 0.030045962380915642,
    "cost_used_bps": 3.360463981837347,
    "cost_budget_bps_per_day": null,
    "exceeded": false,
    "reason": null,
    "fills_count_today": 6,
    "median_notional_usdt_today": 0.00160421173537235,
    "small_trade_ratio_today": 0.6666666666666666,
    "small_trade_notional_cutoff": 1.0
  }
}