{
  "run_id": "20260221_10",
  "start_ts": 1771664400,
  "end_ts": 1771668000,
  "window_start_ts": 1771664400,
  "window_end_ts": 1771668000,
  "avg_equity": 89.41019419486452,
  "equity_start": 109.24504850870706,
  "equity_end": 109.24666115399982,
  "total_return_pct": 1.4761724350664807e-05,
  "max_drawdown_pct": 0.8169280434867757,
  "sharpe": 41.064774541385646,
  "num_trades": 1,
  "num_round_trips": 0,
  "turnover_ratio": 0.1527301353785041,
  "fees_usdt_total": 0.00819337863815,
  "slippage_usdt_total": 0.00682781553179,
  "slippage_coverage": 1.0,
  "cost_usdt_total": 0.01502119416994,
  "cost_ratio": 0.00016800314891613082,
  "win_rate": null,
  "profit_factor": null,
  "budget": {
    "ymd_utc": "20260221",
    "avg_equity_est": 89.41019419486452,
    "turnover_used": 40.97335556751185,
    "turnover_budget_per_day": null,
    "cost_used_usdt": 0.04507069112424304,
    "cost_used_bps": 5.040889523851608,
    "cost_budget_bps_per_day": null,
    "exceeded": false,
    "reason": null,
    "fills_count_today": 11,
    "median_notional_usdt_today": 5.73518628616e-05,
    "small_trade_ratio_today": 0.7272727272727273,
    "small_trade_notional_cutoff": 1.0
  }
}