{
  "run_id": "20260217_12",
  "start_ts": 1771326000,
  "end_ts": 1771329600,
  "window_start_ts": 1771326000,
  "window_end_ts": 1771329600,
  "avg_equity": 89.59280986375954,
  "equity_start": 112.79294245070423,
  "equity_end": 112.78838968199359,
  "total_return_pct": -4.0363950188027076e-05,
  "max_drawdown_pct": 0.8226839415796738,
  "sharpe": 43.69573158827391,
  "num_trades": 0,
  "turnover_ratio": 0.0,
  "fees_usdt_total": 0.0,
  "slippage_usdt_total": 0.0,
  "cost_usdt_total": 0.0,
  "cost_ratio": 0.0,
  "win_rate": null,
  "profit_factor": null,
  "budget": {
    "ymd_utc": "20260217",
    "avg_equity_est": 89.59280986375954,
    "turnover_used": 164.5730043832582,
    "turnover_budget_per_day": null,
    "cost_used_usdt": 0.18103030482163002,
    "cost_used_bps": 20.205896555417347,
    "cost_budget_bps_per_day": null,
    "exceeded": false,
    "reason": null,
    "fills_count_today": 9,
    "median_notional_usdt_today": 28.2281252457,
    "small_trade_ratio_today": 0.3333333333333333,
    "small_trade_notional_cutoff": 1.0
  }
}