{
  "run_id": "20260221_02",
  "start_ts": 1771635600,
  "end_ts": 1771639200,
  "window_start_ts": 1771635600,
  "window_end_ts": 1771639200,
  "avg_equity": 79.49776402482497,
  "equity_start": 20.0,
  "equity_end": 109.24664603723747,
  "total_return_pct": 4.462332301861873,
  "max_drawdown_pct": 0.8169280181545998,
  "sharpe": 64.89732975496207,
  "num_trades": 0,
  "turnover_ratio": 0.0,
  "fees_usdt_total": 0.0,
  "slippage_usdt_total": 0.0,
  "cost_usdt_total": 0.0,
  "cost_ratio": 0.0,
  "win_rate": null,
  "profit_factor": null,
  "budget": {
    "ymd_utc": "20260221",
    "avg_equity_est": 79.49776402482497,
    "turnover_used": 13.65885976346999,
    "turnover_budget_per_day": null,
    "cost_used_usdt": 0.015024745739816991,
    "cost_used_bps": 1.8899582804775712,
    "cost_budget_bps_per_day": null,
    "exceeded": false,
    "reason": null,
    "fills_count_today": 5,
    "median_notional_usdt_today": 5.70881605919e-05,
    "small_trade_ratio_today": 0.8,
    "small_trade_notional_cutoff": 1.0
  }
}