{
  "run_id": "20260217_03",
  "start_ts": 1771293600,
  "end_ts": 1771297200,
  "window_start_ts": 1771293600,
  "window_end_ts": 1771297200,
  "avg_equity": 112.90604963768662,
  "equity_start": 112.90696394241043,
  "equity_end": 112.904221028239,
  "total_return_pct": -2.42935783202336e-05,
  "max_drawdown_pct": 2.42935783202336e-05,
  "sharpe": -93.59486394906348,
  "num_trades": 9,
  "num_round_trips": 9,
  "turnover_ratio": 0.02208525004337661,
  "fees_usdt_total": 0.00149613500260092,
  "slippage_usdt_total": 0.0012467791688291,
  "slippage_coverage": 1.0,
  "cost_usdt_total": 0.00274291417143002,
  "cost_ratio": 2.429377504776741e-05,
  "win_rate": 0.4444444444444444,
  "profit_factor": 2490815423495.7397,
  "budget": {
    "ymd_utc": "20260217",
    "avg_equity_est": 112.90604963768662,
    "turnover_used": 164.5730043832582,
    "turnover_budget_per_day": null,
    "cost_used_usdt": 0.18103030482163002,
    "cost_used_bps": 16.033711692380773,
    "cost_budget_bps_per_day": null,
    "exceeded": false,
    "reason": null,
    "fills_count_today": 9,
    "median_notional_usdt_today": 28.2281252457,
    "small_trade_ratio_today": 0.4444444444444444,
    "small_trade_notional_cutoff": 25.0
  }
}