{
  "run_id": "20260222_19",
  "start_ts": 1771783200,
  "end_ts": 1771786800,
  "window_start_ts": 1771783200,
  "window_end_ts": 1771786800,
  "avg_equity": 107.97631877493366,
  "equity_start": 103.41009730759002,
  "equity_end": 109.22165190477583,
  "total_return_ratio": 0.05619910191071109,
  "total_return_pct": 5.619910191071109,
  "max_drawdown_pct": 2.5368251943547193e-08,
  "sharpe": 27.01851203828348,
  "num_trades": 1,
  "num_round_trips": 1,
  "turnover_ratio": 2.2086787427630242e-07,
  "fees_usdt_total": 1.43091e-08,
  "slippage_usdt_total": 1.192425e-08,
  "slippage_coverage": 1.0,
  "cost_usdt_total": 2.623335e-08,
  "cost_ratio": 2.4295466170393266e-10,
  "win_rate": 1.0,
  "profit_factor": 23822266.65,
  "budget": {
    "ymd_utc": "20260222",
    "avg_equity_est": 107.97631877493366,
    "turnover_used": 68.2846406472528,
    "turnover_budget_per_day": null,
    "cost_used_usdt": 0.07511310471206807,
    "cost_used_bps": 6.956442446295487,
    "cost_budget_bps_per_day": null,
    "exceeded": false,
    "reason": null,
    "fills_count_today": 14,
    "median_notional_usdt_today": 0.00158571177737235,
    "small_trade_ratio_today": 0.6428571428571429,
    "small_trade_notional_cutoff": 1.0
  }
}