{
  "run_id": "20260218_01",
  "start_ts": 1771372800,
  "end_ts": 1771376400,
  "window_start_ts": 1771372800,
  "window_end_ts": 1771376400,
  "avg_equity": 90.74801016839318,
  "equity_start": 110.96097975529209,
  "equity_end": 110.96273119731072,
  "total_return_pct": 1.578430564053157e-05,
  "max_drawdown_pct": 0.8197593031083871,
  "sharpe": 41.26004029825671,
  "num_trades": 12,
  "num_round_trips": 12,
  "turnover_ratio": 0.00010567505433182546,
  "fees_usdt_total": 5.75388054303e-06,
  "slippage_usdt_total": 4.7949004525199994e-06,
  "slippage_coverage": 1.0,
  "cost_usdt_total": 1.0548780995549998e-05,
  "cost_ratio": 1.162425597649529e-07,
  "win_rate": 0.25,
  "profit_factor": 93.7212148344411,
  "budget": {
    "ymd_utc": "20260218",
    "avg_equity_est": 90.74801016839318,
    "turnover_used": 0.00958980090505,
    "turnover_budget_per_day": null,
    "cost_used_usdt": 1.0548780995549998e-05,
    "cost_used_bps": 0.001162425597649529,
    "cost_budget_bps_per_day": null,
    "exceeded": false,
    "reason": null,
    "fills_count_today": 4,
    "median_notional_usdt_today": 0.001593462931,
    "small_trade_ratio_today": 1.0,
    "small_trade_notional_cutoff": 1.0
  }
}