{
  "run_id": "20260221_21",
  "start_ts": 1771704000,
  "end_ts": 1771707600,
  "window_start_ts": 1771704000,
  "window_end_ts": 1771707600,
  "avg_equity": 79.49773968769256,
  "equity_start": 20.0,
  "equity_end": 109.24660953153884,
  "total_return_pct": 4.462330476576942,
  "max_drawdown_pct": 0.816927956979515,
  "sharpe": 64.89732599010101,
  "num_trades": 0,
  "turnover_ratio": 0.0,
  "fees_usdt_total": 0.0,
  "slippage_usdt_total": 0.0,
  "cost_usdt_total": 0.0,
  "cost_ratio": 0.0,
  "win_rate": null,
  "profit_factor": null,
  "budget": {
    "ymd_utc": "20260221",
    "avg_equity_est": 79.49773968769256,
    "turnover_used": 109.25155208531186,
    "turnover_budget_per_day": null,
    "cost_used_usdt": 0.12017670729377303,
    "cost_used_bps": 15.116996755616963,
    "cost_budget_bps_per_day": null,
    "exceeded": false,
    "reason": null,
    "fills_count_today": 17,
    "median_notional_usdt_today": 0.003137666302,
    "small_trade_ratio_today": 0.5294117647058824,
    "small_trade_notional_cutoff": 1.0
  }
}