{
  "run_id": "20260225_17",
  "start_ts": 1772035200,
  "end_ts": 1772038800,
  "window_start_ts": 1772035200,
  "window_end_ts": 1772038800,
  "avg_equity": 110.06805059396099,
  "equity_start": 109.90917088216098,
  "equity_end": 110.38581001756097,
  "total_return_ratio": 0.00433666391598031,
  "total_return_pct": 0.433666391598031,
  "max_drawdown_pct": 0.0,
  "sharpe": 93.59487161121626,
  "num_trades": 2,
  "num_round_trips": 0,
  "turnover_ratio": 0.025127457807013667,
  "fees_usdt_total": 0.0027657302972,
  "slippage_usdt_total": 0.0012613587,
  "slippage_coverage": 1.0,
  "cost_usdt_total": 0.0040270889971999995,
  "cost_ratio": 3.658726556406324e-05,
  "win_rate": null,
  "profit_factor": null,
  "budget": {
    "ymd_utc": "20260225",
    "avg_equity_est": 110.06805059396099,
    "turnover_used": 26.243274142630003,
    "turnover_budget_per_day": null,
    "cost_used_usdt": 0.0321049179776301,
    "cost_used_bps": 2.9168244376439945,
    "cost_budget_bps_per_day": null,
    "exceeded": false,
    "reason": null,
    "fills_count_today": 15,
    "median_notional_usdt_today": 1.6215999372,
    "small_trade_ratio_today": 0.0,
    "small_trade_notional_cutoff": 0.0
  },
  "exit_signals": []
}