{
  "run_id": "20260223_01",
  "start_ts": 1771804800,
  "end_ts": 1771808400,
  "window_start_ts": 1771804800,
  "window_end_ts": 1771808400,
  "avg_equity": 106.88887009021428,
  "equity_start": 109.19095939582996,
  "equity_end": 109.19095528957517,
  "total_return_ratio": -3.760617928172394e-08,
  "total_return_pct": -3.760617928172394e-06,
  "max_drawdown_pct": 6.324943554218143,
  "sharpe": 1.52766213202433,
  "num_trades": 4,
  "num_round_trips": 4,
  "turnover_ratio": 3.492373810725364e-05,
  "fees_usdt_total": 2.2397753433666e-06,
  "slippage_usdt_total": 1.8664794528054998e-06,
  "slippage_coverage": 1.0,
  "cost_usdt_total": 4.106254796172099e-06,
  "cost_ratio": 3.841611191798002e-08,
  "win_rate": 1.0,
  "profit_factor": 3728852650.8180003,
  "budget": {
    "ymd_utc": "20260223",
    "avg_equity_est": 106.88887009021428,
    "turnover_used": 0.0037329589056109003,
    "turnover_budget_per_day": null,
    "cost_used_usdt": 4.1062547961721e-06,
    "cost_used_bps": 0.00038416111917980025,
    "cost_budget_bps_per_day": null,
    "exceeded": false,
    "reason": null,
    "fills_count_today": 4,
    "median_notional_usdt_today": 0.00031491419680545,
    "small_trade_ratio_today": 1.0,
    "small_trade_notional_cutoff": 1.0
  },
  "exit_signals": []
}