{
  "last_signal_no_trade": 1772434802.360136,
  "last_no_buy_in_market": 1772397033.372768,
  "last_kill_switch": 1772353812.487462
}