{
  "last_signal_no_trade": 1772803802.29713,
  "last_no_buy_in_market": 1772829003.032756,
  "last_kill_switch": 1772353812.487462
}