{
  "last_signal_no_trade": 1772283602.778155,
  "last_no_buy_in_market": 1772175602.224899
}