{
  "last_signal_no_trade": 1772906402.14151,
  "last_no_buy_in_market": 1772919003.020392,
  "last_kill_switch": 1772353812.487462
}