{
  "last_signal_no_trade": 1772668802.056449,
  "last_no_buy_in_market": 1772668802.095335,
  "last_kill_switch": 1772353812.487462
}