{
  "raw_factors": {},
  "z_factors": {},
  "scores": {
    "SOL/USDT": -0.70334266730914,
    "XRP/USDT": 0.16506227129578063,
    "BTC/USDT": -0.04460973973104598,
    "ETH/USDT": -0.3746240139324509
  }
}