{
  "raw_factors": {},
  "z_factors": {},
  "scores": {
    "BTC/USDT": 0.16099999999999998,
    "SOL/USDT": 0.09967698740757461,
    "DOGE/USDT": 0.08608887724259147,
    "OKB/USDT": -0.18000159285504766,
    "TRX/USDT": 0.42069060473495234,
    "ETH/USDT": -0.020779486880737497,
    "XRP/USDT": 0.014789857253651038,
    "CC/USDT": 0.08335947981130158,
    "SUI/USDT": 0.0034403206771090066,
    "HYPE/USDT": -0.1728775538534123,
    "LINK/USDT": -0.014498763828889538,
    "ADA/USDT": 0.027608177039219008,
    "IP/USDT": 0.5236612814820213,
    "BNB/USDT": -0.10788684078804467,
    "XPL/USDT": -0.14854407677675932
  }
}