{
  "raw_factors": {},
  "z_factors": {},
  "scores": {
    "HYPE/USDT": 1.0,
    "PUMP/USDT": 1.0,
    "ASTER/USDT": 1.0,
    "ETH/USDT": 0.3975550912020063,
    "ADA/USDT": 0.472781574267461,
    "LINK/USDT": 0.894203618501338,
    "SOL/USDT": 0.8696846565884829,
    "BNB/USDT": 0.4709035583958615,
    "DOT/USDT": 2.104793790971137,
    "AVAX/USDT": 0.3739619093504919,
    "POL/USDT": 0.3151112977994432,
    "ATOM/USDT": -1.7212544372010588,
    "NEAR/USDT": 1.4486023267307266,
    "UNI/USDT": 1.2751363896456618,
    "AAVE/USDT": -0.10892682391044378,
    "LTC/USDT": 0.23669444634005268,
    "BCH/USDT": -1.9024489364805943,
    "ETC/USDT": 0.06256714122463948,
    "FIL/USDT": 0.4038970172544633,
    "PI/USDT": 0.06375461456855014,
    "OKB/USDT": 0.032661456196786794,
    "ZEC/USDT": -1.011707274829708,
    "CC/USDT": 1.1125984615364037,
    "BARD/USDT": 2.4743469857609193,
    "PENGU/USDT": 0.17837560732322208
  }
}