{
  "raw_factors": {},
  "z_factors": {},
  "scores": {
    "BTC/USDT": 0.16099999999999998,
    "ETH/USDT": 0.16099999999999998,
    "SOL/USDT": 0.16099999999999998,
    "XRP/USDT": 0.16099999999999998,
    "CC/USDT": 0.31506750834095903,
    "SUI/USDT": 0.16099999999999998,
    "LINK/USDT": 0.16099999999999998,
    "BNB/USDT": 0.16099999999999998,
    "ADA/USDT": 0.1414450697688635,
    "XPL/USDT": 0.16099999999999998,
    "PUMP/USDT": 0.29627967043684217,
    "AVAX/USDT": 0.16099999999999998,
    "DOGE/USDT": 0.06543688372096125,
    "TRX/USDT": 0.043122938763345414,
    "HYPE/USDT": -0.07554973040746797,
    "IP/USDT": 0.4986049860038234
  }
}