{
  "raw_factors": {},
  "z_factors": {},
  "scores": {
    "BTC/USDT": 0.9944298737206847,
    "SOL/USDT": 1.0,
    "XRP/USDT": 0.7971640533161266,
    "HYPE/USDT": 1.0,
    "SUI/USDT": 0.5932676413567581,
    "OKB/USDT": -0.7102305406446257,
    "BNB/USDT": 1.0,
    "LINK/USDT": 0.9371727093481682,
    "AVAX/USDT": 0.5357797686674144,
    "LTC/USDT": 0.8255400538085452,
    "IP/USDT": -0.7509586298780727,
    "ETH/USDT": -0.26193697801044863,
    "ADA/USDT": -0.5842016894717624,
    "ROBO/USDT": -0.19373831453152227,
    "UNI/USDT": 0.17528010228089919
  }
}