{
  "raw_factors": {},
  "z_factors": {},
  "scores": {
    "BTC/USDT": 0.16099999999999998,
    "ETH/USDT": 0.16099999999999998,
    "SOL/USDT": 0.16099999999999998,
    "DOGE/USDT": 0.33900007745799776,
    "TRX/USDT": -0.30529174943654147,
    "ADA/USDT": 0.3366036070600058,
    "LINK/USDT": 0.16099999999999998,
    "OKB/USDT": -0.022362853396262875,
    "CC/USDT": 0.5630924722935318,
    "XRP/USDT": 0.07208031843636038
  }
}