{
  "raw_factors": {},
  "z_factors": {},
  "scores": {
    "BCH/USDT": -1.6680523693695748,
    "PAXG/USDT": 1.981696025393716,
    "BTC/USDT": -0.18449395794891674,
    "ETH/USDT": -0.01555454106410594,
    "SOL/USDT": -0.1052299184047797,
    "ADA/USDT": -0.010666341865855862,
    "DOT/USDT": 1.8237003191066707,
    "AVAX/USDT": -0.0631249005602114,
    "ATOM/USDT": -1.6086284461812705,
    "NEAR/USDT": 1.022664466043705,
    "LINK/USDT": 0.024147601166483162,
    "UNI/USDT": 0.8754525341890265,
    "AAVE/USDT": -1.078975041407689,
    "ETC/USDT": -0.03806521519464122,
    "XRP/USDT": -0.6908648698975859,
    "DOGE/USDT": -0.6880875654463545,
    "TRX/USDT": 0.12418233633210451,
    "SUI/USDT": -0.05274404099177085,
    "HYPE/USDT": 0.09904520783168869,
    "FIL/USDT": 0.04399998745538881,
    "OKB/USDT": -0.16348847086550888,
    "CC/USDT": 0.9139037670817534
  }
}