{
  "raw_factors": {},
  "z_factors": {},
  "scores": {
    "XPL/USDT": -0.8889231138048029,
    "BTC/USDT": -0.05486641136528231,
    "ETH/USDT": -0.049902734771147796,
    "SOL/USDT": -0.22495438602405207,
    "DOGE/USDT": 1.0357355131584547,
    "XRP/USDT": -0.36646975935396486,
    "LINK/USDT": -0.15795170579129894,
    "PENGU/USDT": -0.03640590043018917,
    "HYPE/USDT": -1.0424672374205914,
    "NEAR/USDT": -2.2741171265811295,
    "BNB/USDT": -0.44105285631481556,
    "IP/USDT": 2.7829468593524957,
    "TRX/USDT": -0.6270440040458398,
    "AVAX/USDT": -0.13403283054621776,
    "LTC/USDT": -0.028612574845159854,
    "FIL/USDT": -0.7364873472335572,
    "ASTER/USDT": 0.16087774707729466,
    "BCH/USDT": 2.6333125852107964,
    "OKB/USDT": 0.041329877898520974,
    "CC/USDT": 0.10851235110768725
  }
}