{
  "raw_factors": {},
  "z_factors": {},
  "scores": {
    "BTC/USDT": 0.5094426806291553,
    "ETH/USDT": 0.49453762709753235,
    "SOL/USDT": 0.49072115610932165,
    "CC/USDT": -0.9386566754664751,
    "HYPE/USDT": 1.3245106047362292,
    "SUI/USDT": 0.6242608892709811,
    "BNB/USDT": 0.6542227408040855,
    "LINK/USDT": 0.5326746442447602,
    "AVAX/USDT": 0.6551411555329585,
    "LTC/USDT": 0.6869362637175291,
    "UNI/USDT": 0.8728338984282886,
    "PENGU/USDT": 0.6242223396981439,
    "XRP/USDT": -0.8282206637831292,
    "OKB/USDT": 1.5236654254581115,
    "IP/USDT": -3.2485262900672764
  }
}