{
  "raw_factors": {},
  "z_factors": {},
  "scores": {
    "CC/USDT": -0.16099999999999998,
    "BTC/USDT": -0.06269664014361676,
    "ETH/USDT": 0.0034198312675668987,
    "SOL/USDT": -0.03005115950560804,
    "OKB/USDT": 0.8043800337231807,
    "XRP/USDT": -0.03649403914289933,
    "HYPE/USDT": -0.01005342667741593,
    "LINK/USDT": -0.026538717480989762,
    "ADA/USDT": -0.08921145176206871,
    "SUI/USDT": -0.019590085979008753,
    "LTC/USDT": -0.018461650767108363
  }
}