{
  "raw_factors": {},
  "z_factors": {},
  "scores": {
    "BTC/USDT": 0.11591927942085081,
    "OKB/USDT": -0.16099999999999998,
    "CC/USDT": 0.43292676049257706,
    "ETH/USDT": -0.04223362965134281,
    "SOL/USDT": -0.20932211312977772,
    "DOGE/USDT": 0.008802562940303701,
    "XRP/USDT": -0.035442581724207195,
    "TRX/USDT": 0.24937190041809368,
    "HYPE/USDT": -0.0670979715346027,
    "SUI/USDT": 0.015604491592237884,
    "ADA/USDT": 0.03024152633840804,
    "LINK/USDT": -0.09257739789785714
  }
}