{
  "raw_factors": {},
  "z_factors": {},
  "scores": {
    "ETH/USDT": -0.28302493954213237,
    "BTC/USDT": 0.0655783470104748,
    "DOGE/USDT": 0.30648329866938556
  }
}