{
  "raw_factors": {},
  "z_factors": {},
  "scores": {
    "BTC/USDT": -0.6731788500588447,
    "BNB/USDT": -0.8942034502831052,
    "ADA/USDT": -0.33783397283209127,
    "AVAX/USDT": -0.6768796870848681,
    "POL/USDT": -0.3656486266540526,
    "ATOM/USDT": -1.313902701213803,
    "NEAR/USDT": -1.0,
    "LINK/USDT": -1.0,
    "UNI/USDT": -0.7544536262936365,
    "AAVE/USDT": -1.1686165409427398,
    "LTC/USDT": -0.37546037662459264,
    "BCH/USDT": -1.781009431596709,
    "ETC/USDT": -0.5343036774534365,
    "XRP/USDT": -0.8094404472774198,
    "DOGE/USDT": -1.0273112310923358,
    "TRX/USDT": -1.0,
    "SUI/USDT": -0.6256997087565648,
    "ETH/USDT": -0.1292658540541146,
    "SOL/USDT": -0.17201540443401186,
    "HYPE/USDT": -0.07115198731359623
  }
}