{
  "raw_factors": {},
  "z_factors": {},
  "scores": {
    "BTC/USDT": 0.16099999999999998,
    "ETH/USDT": 0.16099999999999998,
    "SOL/USDT": 0.16099999999999998,
    "DOGE/USDT": 0.18629649698816866,
    "XRP/USDT": 0.1999604911500577,
    "SUI/USDT": 0.10879437142922932,
    "LINK/USDT": 0.16099999999999998,
    "BNB/USDT": 0.16099999999999998,
    "ADA/USDT": 0.14449256245287725,
    "AVAX/USDT": 0.16099999999999998,
    "PUMP/USDT": 0.15143896105271645,
    "LTC/USDT": 0.16099999999999998,
    "OKB/USDT": -0.00294840408635352,
    "CC/USDT": 0.003121838942127037,
    "TRX/USDT": 0.0456377679723716,
    "HYPE/USDT": -0.04011690272799886,
    "IP/USDT": 0.49826520816234754
  }
}