{
  "schema_version": 1,
  "generated_ts": 1772384841,
  "lookback_days": 365,
  "horizon": "1h",
  "alpha_rows": 22475,
  "regimes": {
    "Risk-Off": {
      "alpha_rows": 13522,
      "ic_spearman_mean": {
        "f1_mom_5d": 0.001361404852961525,
        "f2_mom_20d": -0.020314822674504185,
        "f3_vol_adj_ret_20d": -0.005667799408135275,
        "f4_volume_expansion": -0.0018816720225714094,
        "f5_rsi_trend_confirm": -0.034798294622204934
      },
      "weights": {
        "f1_mom_5d": 0.7499999999999998,
        "f2_mom_20d": 0.06249999999999999,
        "f3_vol_adj_ret_20d": 0.06249999999999999,
        "f4_volume_expansion": 0.06249999999999999,
        "f5_rsi_trend_confirm": 0.06249999999999999
      },
      "used_points": 2586,
      "used_timestamps": 253
    },
    "Sideways": {
      "alpha_rows": 6771,
      "ic_spearman_mean": {
        "f1_mom_5d": 0.013434489084760816,
        "f2_mom_20d": 0.04114827384945443,
        "f3_vol_adj_ret_20d": 0.019852397876769467,
        "f4_volume_expansion": -0.04243777496944662,
        "f5_rsi_trend_confirm": -0.002278834493305241
      },
      "weights": {
        "f1_mom_5d": 0.16407799435337225,
        "f2_mom_20d": 0.5025517681934237,
        "f3_vol_adj_ret_20d": 0.24246114654411308,
        "f4_volume_expansion": 0.045454545454545456,
        "f5_rsi_trend_confirm": 0.045454545454545456
      },
      "used_points": 1707,
      "used_timestamps": 182
    },
    "Trending": {
      "alpha_rows": 2182,
      "ic_spearman_mean": {
        "f1_mom_5d": -0.07054972450821954,
        "f2_mom_20d": -0.021555095914282205,
        "f3_vol_adj_ret_20d": -0.015514435781831995,
        "f4_volume_expansion": 0.028658519560978455,
        "f5_rsi_trend_confirm": 0.012769572629140242
      },
      "weights": {
        "f1_mom_5d": 0.04724850106646215,
        "f2_mom_20d": 0.04724850106646215,
        "f3_vol_adj_ret_20d": 0.04724850106646215,
        "f4_volume_expansion": 0.5669820127975458,
        "f5_rsi_trend_confirm": 0.2912724840030679
      },
      "used_points": 1791,
      "used_timestamps": 193
    }
  },
  "overall": {
    "ic_spearman_mean": {
      "f1_mom_5d": -0.017219053842253588,
      "f2_mom_20d": -0.007387128704436812,
      "f3_vol_adj_ret_20d": 0.0002473727571343738,
      "f4_volume_expansion": -0.010171421065763528,
      "f5_rsi_trend_confirm": -0.01050105890984227
    },
    "weights": {
      "f1_mom_5d": 0.0625,
      "f2_mom_20d": 0.0625,
      "f3_vol_adj_ret_20d": 0.7499999999999999,
      "f4_volume_expansion": 0.0625,
      "f5_rsi_trend_confirm": 0.0625
    },
    "used_points": 6996,
    "used_timestamps": 307
  }
}