{
  "schema_version": 1,
  "generated_ts": 1771867375,
  "lookback_days": 30,
  "horizon": "1h",
  "alpha_rows": 12461,
  "regimes": {
    "Risk-Off": {
      "alpha_rows": 4831,
      "ic_spearman_mean": {
        "f1_mom_5d": 0.003536579779403629,
        "f2_mom_20d": -0.017289610039607505,
        "f3_vol_adj_ret_20d": -0.014862785767632156,
        "f4_volume_expansion": 0.005764970038445719,
        "f5_rsi_trend_confirm": -0.03675508340179089
      },
      "weights": {
        "f1_mom_5d": 0.33640887709101874,
        "f2_mom_20d": 0.044239408193932094,
        "f3_vol_adj_ret_20d": 0.044239408193932094,
        "f4_volume_expansion": 0.5308728983271851,
        "f5_rsi_trend_confirm": 0.044239408193932094
      },
      "used_points": 2425,
      "used_timestamps": 228
    },
    "Sideways": {
      "alpha_rows": 5595,
      "ic_spearman_mean": {
        "f1_mom_5d": 0.02793553168310414,
        "f2_mom_20d": 0.06266052024606489,
        "f3_vol_adj_ret_20d": 0.014884809432904161,
        "f4_volume_expansion": -0.038368593342922086,
        "f5_rsi_trend_confirm": -0.006756047744130636
      },
      "weights": {
        "f1_mom_5d": 0.24076346709529647,
        "f2_mom_20d": 0.5400421325634578,
        "f3_vol_adj_ret_20d": 0.12828530943215483,
        "f4_volume_expansion": 0.045454545454545456,
        "f5_rsi_trend_confirm": 0.045454545454545456
      },
      "used_points": 1607,
      "used_timestamps": 165
    },
    "Trending": {
      "alpha_rows": 2035,
      "ic_spearman_mean": {
        "f1_mom_5d": -0.07657090831529463,
        "f2_mom_20d": -0.0027547099842819525,
        "f3_vol_adj_ret_20d": -0.02365873233432938,
        "f4_volume_expansion": 0.02378385708482689,
        "f5_rsi_trend_confirm": 0.016033089382514656
      },
      "weights": {
        "f1_mom_5d": 0.043478260869565216,
        "f2_mom_20d": 0.043478260869565216,
        "f3_vol_adj_ret_20d": 0.043478260869565216,
        "f4_volume_expansion": 0.5194174011644659,
        "f5_rsi_trend_confirm": 0.3501478162268384
      },
      "used_points": 1707,
      "used_timestamps": 180
    }
  },
  "overall": {
    "ic_spearman_mean": {
      "f1_mom_5d": -0.015031419112887441,
      "f2_mom_20d": 0.006394792455326802,
      "f3_vol_adj_ret_20d": -0.003998910894907914,
      "f4_volume_expansion": -0.008663959739007679,
      "f5_rsi_trend_confirm": -0.01391448786155535
    },
    "weights": {
      "f1_mom_5d": 0.06249999999999999,
      "f2_mom_20d": 0.7499999999999998,
      "f3_vol_adj_ret_20d": 0.06249999999999999,
      "f4_volume_expansion": 0.06249999999999999,
      "f5_rsi_trend_confirm": 0.06249999999999999
    },
    "used_points": 6514,
    "used_timestamps": 274
  }
}