{
  "raw_factors": {},
  "z_factors": {},
  "scores": {
    "BTC/USDT": -0.8956340181719765,
    "CC/USDT": 0.44480454453944446,
    "TRX/USDT": -0.38723022888414993,
    "TON/USDT": -1.0,
    "ETH/USDT": -0.5447364526899744,
    "SOL/USDT": -0.3197563420702119,
    "DOGE/USDT": 0.9192312018127704,
    "XRP/USDT": 0.0430203052647831,
    "SUI/USDT": 0.02105187161537881,
    "HYPE/USDT": -0.09867433825857642,
    "ADA/USDT": 0.44543560567657925,
    "LINK/USDT": -0.12241271242337949,
    "BNB/USDT": -0.9721530518278628,
    "LTC/USDT": -0.04870790872219355,
    "AVAX/USDT": -0.11472829302067566,
    "OKB/USDT": 0.2584024747114679,
    "XPL/USDT": -0.6284832773422965,
    "PENGU/USDT": -0.04872386002820859,
    "FIL/USDT": -0.7623447642490038,
    "BCH/USDT": 2.4421963341312876,
    "PUMP/USDT": 0.1771275384315247,
    "NEAR/USDT": -1.7445988043789256,
    "AAVE/USDT": 0.05850365253701929,
    "UNI/USDT": -1.5725670659927262,
    "WLD/USDT": -0.19428365774328687
  }
}