{
  "timestamp": 1771385117.262738,
  "duration_seconds": 26.32775568962097,
  "symbols_total": 26,
  "symbols_successful": 0,
  "records_added": 0,
  "records_before": 2085,
  "records_after": 2085,
  "coverage_30d": 11.137820512820513,
  "successful_symbols": []
}