{
  "timestamp": 1771385413.5389407,
  "duration_seconds": 5.037044048309326,
  "symbols_total": 26,
  "symbols_successful": 0,
  "records_added": 0,
  "records_before": 2085,
  "records_after": 2085,
  "coverage_before": 11.137820512820513,
  "coverage_after": 11.137820512820513,
  "successful_symbols": []
}