{
  "price_high_24h": {
    "BTC/USDT": 73877.8,
    "ETH/USDT": 2182.16,
    "SOL/USDT": 93.79,
    "DOGE/USDT": 0.10352,
    "XRP/USDT": 1.4689,
    "KNC/USDT": 0.178,
    "BOME/USDT": 0.0003913,
    "PI/USDT": 0.1843,
    "AGLD/USDT": 0.2273,
    "BONK/USDT": 6.035e-06,
    "ZKJ/USDT": 0.02506,
    "ZAMA/USDT": 0.02194,
    "ASP/USDT": 0.028,
    "ETC/USDT": 8.717,
    "ASTR/USDT": 0.007284,
    "WET/USDT": 0.10722,
    "BCH/USDT": 473.7,
    "APT/USDT": 1.0283,
    "GAS/USDT": 1.62,
    "TRX/USDT": 0.28812,
    "CELO/USDT": 0.0802,
    "SAND/USDT": 0.0851,
    "LAT/USDT": 0.001389,
    "T/USDT": 0.006751,
    "PUMP/USDT": 0.002129,
    "RAY/USDT": 0.6045,
    "PIXEL/USDT": 0.004924,
    "LDO/USDT": 0.3079,
    "TRA/USDT": 0.2528,
    "NMR/USDT": 7.657,
    "TON/USDT": 1.395,
    "AAVE/USDT": 119.47,
    "S/USDT": 0.04052,
    "NEIRO/USDT": 6.952e-05,
    "TRB/USDT": 14.22,
    "MORPHO/USDT": 1.8081,
    "YB/USDT": 0.1812,
    "BICO/USDT": 0.02114,
    "SEI/USDT": 0.06988,
    "ENS/USDT": 6.153,
    "LPT/USDT": 2.356,
    "MOVE/USDT": 0.02207,
    "OMI/USDT": 0.0001273,
    "ARB/USDT": 0.1029,
    "SONIC/USDT": 0.04478,
    "POR/USDT": 0.7144,
    "NEO/USDT": 2.719,
    "SD/USDT": 0.1449,
    "BNT/USDT": 0.2882,
    "CHZ/USDT": 0.0341,
    "USDC/USDT": 1.0001,
    "DOT/USDT": 1.594,
    "XAUT/USDT": 5362.5,
    "GMX/USDT": 6.875,
    "LINEA/USDT": 0.003148,
    "IOST/USDT": 0.001191,
    "STRK/USDT": 0.04145,
    "ATH/USDT": 0.006758,
    "CFG/USDT": 0.1579,
    "KITE/USDT": 0.27628,
    "CETUS/USDT": 0.01648,
    "PARTI/USDT": 0.09377,
    "APE/USDT": 0.1035,
    "ZETA/USDT": 0.05409,
    "SAHARA/USDT": 0.02573,
    "PYUSD/USDT": 0.9999,
    "ID/USDT": 0.04356,
    "GHST/USDT": 0.092,
    "TIA/USDT": 0.3296,
    "ADA/USDT": 0.2883,
    "RSS3/USDT": 0.00889,
    "AERGO/USDT": 0.05708,
    "CFX/USDT": 0.04868,
    "PEPE/USDT": 3.59e-06,
    "PENGU/USDT": 0.007496,
    "PROVE/USDT": 0.3001,
    "DOGS/USDT": 2.648e-05,
    "ZEC/USDT": 250.0,
    "ICX/USDT": 0.03738,
    "BABY/USDT": 0.0116,
    "NAVX/USDT": 0.009595,
    "WIN/USDT": 2.387e-05,
    "SATS/USDT": 1.149e-08,
    "OKB/USDT": 119.2,
    "ZENT/USDT": 0.003719,
    "RPL/USDT": 1.871,
    "BLUR/USDT": 0.02029,
    "MOODENG/USDT": 0.05011,
    "WLFI/USDT": 0.1117,
    "KAIA/USDT": 0.0557,
    "BERA/USDT": 0.6108,
    "SCR/USDT": 0.04341,
    "ZEN/USDT": 5.462,
    "ACT/USDT": 0.01358,
    "BIO/USDT": 0.02104,
    "MAGIC/USDT": 0.06175,
    "DYDX/USDT": 0.09393,
    "ZRX/USDT": 0.1066,
    "DUCK/USDT": 0.001117,
    "BRL1/USDT": 0.1943,
    "SOPH/USDT": 0.0094,
    "AVNT/USDT": 0.1772,
    "GODS/USDT": 0.035,
    "AUCTION/USDT": 4.834,
    "ORBS/USDT": 0.013654,
    "VELODROME/USDT": 0.01564,
    "G/USDT": 0.003481,
    "OL/USDT": 0.01275,
    "GOAT/USDT": 0.01864,
    "JITOSOL/USDT": 109.25,
    "MMT/USDT": 0.1202,
    "SNX/USDT": 0.3222,
    "INJ/USDT": 3.094,
    "ATOM/USDT": 1.838,
    "MANA/USDT": 0.09797,
    "SKY/USDT": 0.06878,
    "UXLINK/USDT": 0.00547,
    "ORDI/USDT": 2.491,
    "KSM/USDT": 4.936,
    "JOE/USDT": 0.04027,
    "CAT/USDT": 1.694e-06,
    "STORJ/USDT": 0.0976,
    "ZK/USDT": 0.01913,
    "PEOPLE/USDT": 0.006421,
    "FLOW/USDT": 0.03824,
    "ME/USDT": 0.1193,
    "WIF/USDT": 0.1984,
    "IMX/USDT": 0.1696,
    "LEO/USDT": 9.234,
    "ZEUS/USDT": 0.010085,
    "XCH/USDT": 2.714,
    "TURBO/USDT": 0.0009904,
    "BETH/USDT": 2017.8,
    "1INCH/USDT": 0.09414,
    "J/USDT": 0.01342,
    "ONE/USDT": 0.002363,
    "RENDER/USDT": 1.388,
    "GALFT/USDT": 1.653,
    "MET/USDT": 0.1838,
    "AVAX/USDT": 9.714,
    "MASK/USDT": 0.4329,
    "STX/USDT": 0.2598,
    "TRUMP/USDT": 3.513,
    "RESOLV/USDT": 0.0599,
    "DAI/USDT": 1.0001,
    "LUNA/USDT": 0.06626,
    "SPK/USDT": 0.01984,
    "CVX/USDT": 1.778,
    "JTO/USDT": 0.2697,
    "LSK/USDT": 0.1274,
    "XPL/USDT": 0.12356,
    "IOTA/USDT": 0.06785,
    "PNUT/USDT": 0.04507,
    "A/USDT": 0.08094,
    "VIRTUAL/USDT": 0.7115,
    "QTUM/USDT": 0.92,
    "EIGEN/USDT": 0.1878,
    "CSPR/USDT": 0.003058,
    "AXS/USDT": 1.3165,
    "MEMEFI/USDT": 0.0003291,
    "LQTY/USDT": 0.2744,
    "VELO/USDT": 0.003385,
    "IP/USDT": 0.911,
    "SAFE/USDT": 0.1041,
    "CELR/USDT": 0.002623,
    "NIGHT/USDT": 0.058661,
    "W/USDT": 0.01888,
    "CRO/USDT": 0.07624,
    "API3/USDT": 0.2872,
    "SWFTC/USDT": 0.003796,
    "YFI/USDT": 2697.0,
    "USD1/USDT": 0.9995,
    "WCT/USDT": 0.05998,
    "DEGEN/USDT": 0.000705,
    "MERL/USDT": 0.04188,
    "FET/USDT": 0.157,
    "HMSTR/USDT": 0.0001556,
    "SWEAT/USDT": 0.0006905,
    "PAXG/USDT": 5436.0,
    "ENA/USDT": 0.1069,
    "BNB/USDT": 664.5,
    "CRV/USDT": 0.2488,
    "TNSR/USDT": 0.04585,
    "EGLD/USDT": 4.476,
    "MINA/USDT": 0.05787,
    "PHA/USDT": 0.05092,
    "GRT/USDT": 0.02636,
    "MEW/USDT": 0.0006132,
    "SKL/USDT": 0.006621,
    "NOT/USDT": 0.0003622,
    "ALLO/USDT": 0.11387,
    "CATI/USDT": 0.04066,
    "WOO/USDT": 0.01703,
    "ARG/USDT": 0.7661,
    "HUMA/USDT": 0.02146,
    "ACH/USDT": 0.006866,
    "ILV/USDT": 3.666,
    "BIGTIME/USDT": 0.01443,
    "METIS/USDT": 3.171,
    "ETHFI/USDT": 0.5107,
    "SHIB/USDT": 5.73e-06,
    "SNT/USDT": 0.01062,
    "USAT/USDT": 0.9979,
    "UNI/USDT": 4.084,
    "KAITO/USDT": 0.3409,
    "THETA/USDT": 0.1938,
    "HBAR/USDT": 0.10004,
    "CC/USDT": 0.16677,
    "ANIME/USDT": 0.00494,
    "SUSHI/USDT": 0.204,
    "LTC/USDT": 57.62,
    "LINK/USDT": 9.583,
    "CITY/USDT": 0.668,
    "AIXBT/USDT": 0.02185,
    "PENDLE/USDT": 1.302,
    "XTZ/USDT": 0.388,
    "ACE/USDT": 0.1618,
    "STETH/USDT": 2015.11,
    "ELF/USDT": 0.08354,
    "RVN/USDT": 0.005762,
    "WLD/USDT": 0.4305,
    "OP/USDT": 0.1248,
    "ETHW/USDT": 0.3119,
    "SUI/USDT": 0.9867,
    "SPACE/USDT": 0.007984,
    "ICP/USDT": 2.462,
    "AEVO/USDT": 0.02267,
    "PRCL/USDT": 0.01345,
    "DORA/USDT": 0.005273,
    "RIO/USDT": 0.0719,
    "ZORA/USDT": 0.01839,
    "DGB/USDT": 0.00425,
    "LRC/USDT": 0.03156,
    "PYTH/USDT": 0.0496,
    "HYPE/USDT": 35.288,
    "MENGO/USDT": 0.04584,
    "FIL/USDT": 1.0409,
    "RSR/USDT": 0.001516,
    "RON/USDT": 0.1042,
    "ONDO/USDT": 0.2626,
    "PROMPT/USDT": 0.04367,
    "NFT/USDT": 3.351e-07,
    "JUP/USDT": 0.1722,
    "ONT/USDT": 0.04401,
    "UMA/USDT": 0.4274,
    "SENT/USDT": 0.02156,
    "KMNO/USDT": 0.02226,
    "AR/USDT": 1.587,
    "CTC/USDT": 0.1602,
    "2Z/USDT": 0.07522,
    "WAXP/USDT": 0.006388,
    "BAND/USDT": 0.2105,
    "XLM/USDT": 0.15977,
    "YGG/USDT": 0.03918,
    "POL/USDT": 0.10859,
    "FLR/USDT": 0.00949,
    "FOGO/USDT": 0.02646,
    "BAT/USDT": 0.105,
    "ARKM/USDT": 0.1086,
    "CVC/USDT": 0.03157,
    "SLP/USDT": 0.0005579,
    "SSV/USDT": 2.762,
    "LIT/USDT": 1.416,
    "GMT/USDT": 0.01199,
    "BANANA/USDT": 4.251,
    "VINE/USDT": 0.01685,
    "MAJOR/USDT": 0.06094,
    "ZIL/USDT": 0.00432,
    "COMP/USDT": 18.19,
    "ALGO/USDT": 0.0878,
    "BARD/USDT": 1.5912,
    "DASH/USDT": 33.29,
    "ASTER/USDT": 0.7583,
    "BABYDOGE/USDT": 3.91e-10,
    "ENJ/USDT": 0.01972,
    "GLM/USDT": 0.135,
    "FLUID/USDT": 2.186,
    "CORE/USDT": 0.08126,
    "ZBCN/USDT": 0.0020461,
    "NEAR/USDT": 1.438,
    "MEME/USDT": 0.0005987,
    "BREV/USDT": 0.1462,
    "OKSOL/USDT": 86.52,
    "LAYER/USDT": 0.09831,
    "DOOD/USDT": 0.00329,
    "SPURS/USDT": 0.1852,
    "FLOKI/USDT": 2.841e-05,
    "GALA/USDT": 0.003594,
    "TOSHI/USDT": 0.0002085,
    "USDG/USDT": 1.0001,
    "ZRO/USDT": 1.892,
    "ROBO/USDT": 0.04521
  },
  "price_low_24h": {
    "BTC/USDT": 0.0,
    "ETH/USDT": 0.0,
    "SOL/USDT": 0.0,
    "DOGE/USDT": 0.0,
    "XRP/USDT": 0.0,
    "KNC/USDT": 0.1306,
    "BOME/USDT": 0.0003693,
    "PI/USDT": 0.1651,
    "AGLD/USDT": 0.2151,
    "BONK/USDT": 5.695e-06,
    "ZKJ/USDT": 0.02328,
    "ZAMA/USDT": 0.01995,
    "ASP/USDT": 0.02709,
    "ETC/USDT": 8.334,
    "ASTR/USDT": 0.006885,
    "WET/USDT": 0.09276,
    "BCH/USDT": 432.9,
    "APT/USDT": 0.9081,
    "GAS/USDT": 1.556,
    "TRX/USDT": 0.27902,
    "CELO/USDT": 0.0756,
    "SAND/USDT": 0.0807,
    "LAT/USDT": 0.001338,