{
  "updated_ts_ms": 1772877625173,
  "lookback_hours": 24,
  "min_closed_cycles": 4,
  "expectancy_threshold_usdt": 0.0,
  "cooldown_hours": 24,
  "symbols": {
    "NEAR/USDT": {
      "cooldown_until_ms": 1772882117668,
      "expectancy_usdt": -0.03976479404445915,
      "closed_cycles": 4,
      "pnl_sum_usdt": -0.1590591761778366,
      "updated_ts_ms": 1772795717668
    }
  }
}