{
  "weights": {
    "ETH/USDT": 0.18061272357760239,
    "BNB/USDT": 0.25,
    "HYPE/USDT": 0.20743046925156655
  },
  "updated_ts": 1773111630
}