{
  "target_weights": {
    "ETH/USDT": 0.2288317686922796,
    "UNI/USDT": 0.21238304511574344,
    "BTC/USDT": 0.21424797861077308
  },
  "selected": [
    "ETH/USDT",
    "UNI/USDT",
    "BTC/USDT"
  ],
  "volatilities": {
    "ETH/USDT": 0.007400017702953565,
    "UNI/USDT": 0.008967479863238596,
    "BTC/USDT": 0.005936347251126814
  },
  "notes": ""
}