{
  "target_weights": {
    "NEAR/USDT": 0.013882126579614443,
    "HYPE/USDT": 0.06011251624868878,
    "XPL/USDT": 0.05389486395838747,
    "FIL/USDT": 0.0843596283072127,
    "TRX/USDT": 0.25
  },
  "selected": [
    "NEAR/USDT",
    "HYPE/USDT",
    "XPL/USDT",
    "FIL/USDT",
    "TRX/USDT"
  ],
  "volatilities": {
    "NEAR/USDT": 0.01135991348692831,
    "HYPE/USDT": 0.010308561388491727,
    "XPL/USDT": 0.01363666643677247,
    "FIL/USDT": 0.010319977046206177,
    "TRX/USDT": 0.0020157058812127274
  },
  "notes": ""
}