{
  "weights": {
    "LINK/USDT": 0.23142428893618644,
    "ETH/USDT": 0.25,
    "HYPE/USDT": 0.1463178978196182
  },
  "updated_ts": 1773021640
}