{
  "target_weights": {
    "BARD/USDT": 0.18826946410502293,
    "DOT/USDT": 0.16200487627773802,
    "NEAR/USDT": 0.09309591729237036,
    "UNI/USDT": 0.07573981257406164,
    "CC/USDT": 0.07747782752669337,
    "HYPE/USDT": 0.0579126321269251,
    "PUMP/USDT": 0.04549947009718868
  },
  "selected": [
    "BARD/USDT",
    "DOT/USDT",
    "NEAR/USDT",
    "UNI/USDT",
    "CC/USDT",
    "HYPE/USDT",
    "PUMP/USDT"
  ],
  "volatilities": {
    "BARD/USDT": 0.014898716240662666,
    "DOT/USDT": 0.011483465418628547,
    "NEAR/USDT": 0.009638858502483366,
    "UNI/USDT": 0.009770710064220095,
    "CC/USDT": 0.007973340923907293,
    "HYPE/USDT": 0.00941261167375751,
    "PUMP/USDT": 0.011980559686773154
  },
  "notes": ""
}