{
  "target_weights": {
    "NEAR/USDT": 0.25,
    "UNI/USDT": 0.25,
    "TON/USDT": 0.1901165406013995
  },
  "selected": [
    "NEAR/USDT",
    "UNI/USDT",
    "TON/USDT"
  ],
  "volatilities": {
    "NEAR/USDT": 0.01231647807556177,
    "UNI/USDT": 0.01006244598624569,
    "TON/USDT": 0.007181426372820393
  },
  "notes": ""
}