{
  "weights": {
    "ETH/USDT": 0.2288317686922796,
    "UNI/USDT": 0.21238304511574344,
    "BTC/USDT": 0.21424797861077308
  },
  "updated_ts": 1773090037
}