{
  "weights": {
    "HYPE/USDT": 0.24164075095531193,
    "OKB/USDT": 0.18555052762680618,
    "LINK/USDT": 0.23985902781801074
  },
  "updated_ts": 1772899223
}