{
  "state": "Sideways",
  "atr_pct": 0.011666843924318819,
  "ma20": 66035.11000000002,
  "ma60": 66190.63,
  "multiplier": 0.7,
  "hmm_state": null,
  "hmm_probability": null,
  "hmm_probs": null
}