{
  "state": "Sideways",
  "atr_pct": 0.011021749067521522,
  "ma20": 72435.10500000001,
  "ma60": 69636.17666666667,
  "multiplier": 0.7,
  "hmm_state": null,
  "hmm_probability": null,
  "hmm_probs": null
}