{
  "state": "Risk-Off",
  "atr_pct": 0.011577145977049747,
  "ma20": 64890.97000000001,
  "ma60": 66458.55333333333,
  "multiplier": 0.0,
  "hmm_state": null,
  "hmm_probability": null,
  "hmm_probs": null
}