{
  "state": "Sideways",
  "atr_pct": 0.004596703227052192,
  "ma20": 68034.86,
  "ma60": 69888.10833333334,
  "multiplier": 0.7,
  "hmm_state": null,
  "hmm_probability": null,
  "hmm_probs": null
}