{
  "state": "Sideways",
  "atr_pct": 0.008612774080697716,
  "ma20": 69607.795,
  "ma60": 71327.79166666667,
  "multiplier": 0.7,
  "hmm_state": null,
  "hmm_probability": null,
  "hmm_probs": null
}