{
  "state": "Sideways",
  "atr_pct": 0.004451120524360436,
  "ma20": 68124.21500000001,
  "ma60": 70359.56333333334,
  "multiplier": 0.7,
  "hmm_state": null,
  "hmm_probability": null,
  "hmm_probs": null
}