{
  "state": "Sideways",
  "atr_pct": 0.006843343319913863,
  "ma20": 68847.07499999998,
  "ma60": 70987.22666666667,
  "multiplier": 0.7,
  "hmm_state": null,
  "hmm_probability": null,
  "hmm_probs": null
}