{
  "state": "Sideways",
  "atr_pct": 0.008532219429444241,
  "ma20": 68479.1,
  "ma60": 67157.37166666666,
  "multiplier": 0.7,
  "hmm_state": null,
  "hmm_probability": null,
  "hmm_probs": null
}