{
  "state": "Trending",
  "atr_pct": 0.0052588942527190975,
  "ma20": 68298.95000000001,
  "ma60": 67577.435,
  "multiplier": 1.1990167847668867,
  "votes": {
    "hmm": {
      "state": "TRENDING",
      "confidence": 0.9089807710343651,
      "weight": 0.35,
      "sentiment": 0.9089711921597314,
      "raw_state": "TrendingUp",
      "latent_probability": 0.9089807710343651,
      "probs": {
        "TrendingUp": 0.9089807710343651,
        "TrendingDown": 9.578874633732444e-06,
        "Sideways": 0.09100965009100116
      }
    },
    "funding": {
      "state": "SIDEWAYS",
      "confidence": 0.0556,
      "weight": 0.4,
      "sentiment": 0.0278,
      "composite": true,
      "details": {
        "large": {
          "avg": 0.00775,
          "count": 2
        },
        "mid": {
          "avg": 0.072175,
          "count": 4
        },
        "small": {
          "avg": 0.011450000000000002,
          "count": 4
        }
      }
    },
    "rss": {
      "state": "TRENDING",
      "confidence": 0.8,
      "weight": 0.25,
      "sentiment": 0.6,
      "summary": "[RSS情报] 加密货币市场情绪整体偏积极，受地缘政治和宏观经济因素影响，比特币被视为避险资产，资金可能从黄金转向比特币。",
      "summary_short": "新闻偏多，风险偏好明显回升",
      "source_confidence": 0.8,
      "raw_state": "TRENDING"
    }
  },
  "final_score": 0.5181432698620279,
  "alerts": []
}