{
  "state": "Sideways",
  "atr_pct": 0.007935026218583779,
  "ma20": 66927.98000000001,
  "ma60": 66055.03833333334,
  "multiplier": 0.7,
  "hmm_state": null,
  "hmm_probability": null,
  "hmm_probs": null
}