{
  "state": "Risk-Off",
  "atr_pct": 0.013849082981691073,
  "ma20": 64898.479999999996,
  "ma60": 66288.12333333334,
  "multiplier": 0.0,
  "hmm_state": null,
  "hmm_probability": null,
  "hmm_probs": null
}