{
  "state": "Sideways",
  "atr_pct": 0.012677536835328724,
  "ma20": 65659.755,
  "ma60": 66171.16833333335,
  "multiplier": 0.7,
  "hmm_state": null,
  "hmm_probability": null,
  "hmm_probs": null
}