{
  "run_id": "last24h_20260222_16",
  "start_ts": 1771689600,
  "end_ts": 1771776000,
  "window_start_ts": 1771689600,
  "window_end_ts": 1771776000,
  "avg_equity": 87.64000557274302,
  "equity_start": 20.0,
  "equity_end": 105.66616292493246,
  "total_return_ratio": 4.283308146246624,
  "total_return_pct": 428.33081462466237,
  "max_drawdown_pct": 81.69282349531886,
  "sharpe": 40.04210653550928,
  "num_trades": 18,
  "num_round_trips": 9,
  "turnover_ratio": 1.4024095282346518,
  "fees_usdt_total": 0.07374430732191169,
  "slippage_usdt_total": 0.061453589434926396,
  "slippage_coverage": 1.0,
  "cost_usdt_total": 0.13519789675683808,
  "cost_ratio": 0.001542650481059372,
  "win_rate": 0.4444444444444444,
  "profit_factor": 4426.766114785249
}