{
  "run_id": "20260222_12",
  "start_ts": 1771758000,
  "end_ts": 1771761600,
  "window_start_ts": 1771758000,
  "window_end_ts": 1771761600,
  "avg_equity": 89.41356622564612,
  "equity_start": 109.24506525701175,
  "equity_end": 109.24672506494498,
  "total_return_pct": 1.5193436237348479e-05,
  "max_drawdown_pct": 0.81692815058657,
  "sharpe": 41.06564626350053,
  "num_trades": 0,
  "turnover_ratio": 0.0,
  "fees_usdt_total": 0.0,
  "slippage_usdt_total": 0.0,
  "cost_usdt_total": 0.0,
  "cost_ratio": 0.0,
  "win_rate": null,
  "profit_factor": null,
  "budget": {
    "ymd_utc": "20260222",
    "avg_equity_est": 89.41356622564612,
    "turnover_used": 68.28140732528695,
    "turnover_budget_per_day": null,
    "cost_used_usdt": 0.07510954805790564,
    "cost_used_bps": 8.400240727269223,
    "cost_budget_bps_per_day": null,
    "exceeded": false,
    "reason": null,
    "fills_count_today": 9,
    "median_notional_usdt_today": 13.6556316763,
    "small_trade_ratio_today": 0.4444444444444444,
    "small_trade_notional_cutoff": 1.0
  }
}