{
  "run_id": "20260218_05",
  "start_ts": 1771387200,
  "end_ts": 1771390800,
  "window_start_ts": 1771387200,
  "window_end_ts": 1771390800,
  "avg_equity": 90.74820366626203,
  "equity_start": 110.96102987805659,
  "equity_end": 110.96268584054712,
  "total_return_pct": 1.4923820483181416e-05,
  "max_drawdown_pct": 0.8197592294337583,
  "sharpe": 41.260049580726616,
  "num_trades": 0,
  "turnover_ratio": 0.0,
  "fees_usdt_total": 0.0,
  "slippage_usdt_total": 0.0,
  "cost_usdt_total": 0.0,
  "cost_ratio": 0.0,
  "win_rate": null,
  "profit_factor": null,
  "budget": {
    "ymd_utc": "20260218",
    "avg_equity_est": 90.74820366626203,
    "turnover_used": 0.00958980090505,
    "turnover_budget_per_day": null,
    "cost_used_usdt": 1.0548780995549998e-05,
    "cost_used_bps": 0.0011624231190674001,
    "cost_budget_bps_per_day": null,
    "exceeded": false,
    "reason": null,
    "fills_count_today": 4,
    "median_notional_usdt_today": 0.001593462931,
    "small_trade_ratio_today": 1.0,
    "small_trade_notional_cutoff": 1.0
  }
}