{
  "run_id": "20260221_13",
  "start_ts": 1771675200,
  "end_ts": 1771678800,
  "window_start_ts": 1771675200,
  "window_end_ts": 1771678800,
  "avg_equity": 79.49778399341618,
  "equity_start": 20.0,
  "equity_end": 109.24667599012426,
  "total_return_pct": 4.462333799506213,
  "max_drawdown_pct": 0.816928068348661,
  "sharpe": 64.89733284402475,
  "num_trades": 0,
  "turnover_ratio": 0.0,
  "fees_usdt_total": 0.0,
  "slippage_usdt_total": 0.0,
  "cost_usdt_total": 0.0,
  "cost_ratio": 0.0,
  "win_rate": null,
  "profit_factor": null,
  "budget": {
    "ymd_utc": "20260221",
    "avg_equity_est": 79.49778399341618,
    "turnover_used": 40.97335556751185,
    "turnover_budget_per_day": null,
    "cost_used_usdt": 0.04507069112424304,
    "cost_used_bps": 5.669427355104098,
    "cost_budget_bps_per_day": null,
    "exceeded": false,
    "reason": null,
    "fills_count_today": 11,
    "median_notional_usdt_today": 5.73518628616e-05,
    "small_trade_ratio_today": 0.7272727272727273,
    "small_trade_notional_cutoff": 1.0
  }
}