{
  "run_id": "20260221_17",
  "start_ts": 1771689600,
  "end_ts": 1771693200,
  "window_start_ts": 1771689600,
  "window_end_ts": 1771693200,
  "avg_equity": 89.41020714785564,
  "equity_start": 109.24507509065006,
  "equity_end": 109.24667037703,
  "total_return_pct": 1.4602821945208788e-05,
  "max_drawdown_pct": 0.8169280589424246,
  "sharpe": 41.064775376729436,
  "num_trades": 2,
  "num_round_trips": 1,
  "turnover_ratio": 0.1527304235143751,
  "fees_usdt_total": 0.00819339528254,
  "slippage_usdt_total": 0.00682782940212,
  "slippage_coverage": 1.0,
  "cost_usdt_total": 0.015021224684659999,
  "cost_ratio": 0.00016800346586625997,
  "win_rate": 0.0,
  "profit_factor": 0.0,
  "budget": {
    "ymd_utc": "20260221",
    "avg_equity_est": 89.41020714785564,
    "turnover_used": 81.94028235851185,
    "turnover_budget_per_day": null,
    "cost_used_usdt": 0.09013431059433304,
    "cost_used_bps": 10.080986664674645,
    "cost_budget_bps_per_day": null,
    "exceeded": false,
    "reason": null,
    "fills_count_today": 15,
    "median_notional_usdt_today": 0.00313365984,
    "small_trade_ratio_today": 0.6,
    "small_trade_notional_cutoff": 1.0
  }
}