{
  "run_id": "20260217_22",
  "start_ts": 1771362000,
  "end_ts": 1771365600,
  "window_start_ts": 1771362000,
  "window_end_ts": 1771365600,
  "avg_equity": 109.36480669112709,
  "equity_start": 152.8698096640108,
  "equity_end": 110.96269998647193,
  "total_return_pct": -0.2741359446292606,
  "max_drawdown_pct": 0.8691697200123585,
  "sharpe": 40.9248899761103,
  "num_trades": 1,
  "num_round_trips": 0,
  "turnover_ratio": 0.34944927506647927,
  "fees_usdt_total": 0.0229304714496,
  "slippage_usdt_total": 0.019108726208,
  "slippage_coverage": 1.0,
  "cost_usdt_total": 0.0420391976576,
  "cost_ratio": 0.0003843942025731272,
  "win_rate": null,
  "profit_factor": null,
  "budget": {
    "ymd_utc": "20260217",
    "avg_equity_est": 109.36480669112709,
    "turnover_used": 269.272404615531,
    "turnover_budget_per_day": null,
    "cost_used_usdt": 0.2961996450771601,
    "cost_used_bps": 27.083634492556662,
    "cost_budget_bps_per_day": null,
    "exceeded": false,
    "reason": null,
    "fills_count_today": 19,
    "median_notional_usdt_today": 2.49347071724,
    "small_trade_ratio_today": 0.47368421052631576,
    "small_trade_notional_cutoff": 1.0
  }
}