{
  "schema_version": 1,
  "day": "20260302",
  "today_overall_p50_cost_bps": null,
  "lookback_days": 7,
  "lookback_used_days": [
    "20260225",
    "20260224",
    "20260223"
  ],
  "lookback_overall_p50_cost_bps": [
    13.168644014320744,
    12.075028686035498,
    11.982054003676948
  ],
  "baseline_median_p50_cost_bps": 12.075028686035498,
  "threshold": {
    "multiplier": 2.0,
    "abs_bps": 30.0,
    "computed_bps": 30.0
  },
  "is_anomaly": false
}