{
  "schema_version": 1,
  "day": "20260224",
  "coverage": {
    "events_total": 3,
    "fills": 3,
    "missing_bidask": 0,
    "dropped_invalid": 0,
    "source": "okx_fill"
  },
  "buckets": {
    "POL/USDT|Sideways|fill|lt25": {
      "count": 1,
      "spread_bps": {
        "count": 1,
        "mean": 4.416766043902168,
        "max": 4.416766043902168,
        "p50": 4.416766043902168,
        "p75": 4.416766043902168,
        "p90": 4.416766043902168,
        "p95": 4.416766043902168
      },
      "slippage_bps": {
        "count": 1,
        "mean": 3.975089439512687,
        "max": 3.975089439512687,
        "p50": 3.975089439512687,
        "p75": 3.975089439512687,
        "p90": 3.975089439512687,
        "p95": 3.975089439512687
      },
      "fee_bps": {
        "count": 1,
        "mean": 10.0,
        "max": 10.0,
        "p50": 10.0,
        "p75": 10.0,
        "p90": 10.0,
        "p95": 10.0
      },
      "cost_bps_total": {
        "count": 1,
        "mean": 13.973509933775132,
        "max": 13.973509933775132,
        "p50": 13.973509933775132,
        "p75": 13.973509933775132,
        "p90": 13.973509933775132,
        "p95": 13.973509933775132
      }
    },
    "TRX/USDT|Sideways|fill|lt25": {
      "count": 2,
      "spread_bps": {
        "count": 2,
        "mean": 0.3525170512310144,
        "max": 0.35310111050334564,
        "p50": 0.3519329919586831,
        "p75": 0.35310111050334564,
        "p90": 0.35310111050334564,
        "p95": 0.35310111050334564
      },
      "slippage_bps": {
        "count": 2,
        "mean": -0.7035739542802255,
        "max": 0.17655055525069277,
        "p50": -1.5836984638111438,
        "p75": 0.17655055525069277,
        "p90": 0.17655055525069277,
        "p95": 0.17655055525069277
      },
      "fee_bps": {
        "count": 2,
        "mean": 10.0,
        "max": 10.0,
        "p50": 10.0,
        "p75": 10.0,
        "p90": 10.0,
        "p95": 10.0
      },
      "cost_bps_total": {
        "count": 2,
        "mean": 10.880248375958242,
        "max": 11.583949313620618,
        "p50": 10.176547438295866,
        "p75": 11.583949313620618,
        "p90": 11.583949313620618,
        "p95": 11.583949313620618
      }
    }
  }
}