{
  "schema_version": 1,
  "day": "20260225",
  "coverage": {
    "events_total": 14,
    "fills": 14,
    "missing_bidask": 0,
    "dropped_invalid": 0,
    "source": "okx_fill"
  },
  "buckets": {
    "TRX/USDT|Sideways|fill|lt25": {
      "count": 2,
      "spread_bps": {
        "count": 2,
        "mean": 0.3493693968889239,
        "max": 0.3494243234275032,
        "p50": 0.3493144703503446,
        "p75": 0.3494243234275032,
        "p90": 0.3494243234275032,
        "p95": 0.3494243234275032
      },
      "slippage_bps": {
        "count": 2,
        "mean": 0.174684698443977,
        "max": 0.17471216171278173,
        "p50": 0.1746572351751723,
        "p75": 0.17471216171278173,
        "p90": 0.17471216171278173,
        "p95": 0.17471216171278173
      },
      "fee_bps": {
        "count": 2,
        "mean": 10.0,
        "max": 10.0,
        "p50": 10.0,
        "p75": 10.0,
        "p90": 10.0,
        "p95": 10.0
      },
      "cost_bps_total": {
        "count": 2,
        "mean": 10.1746846975378,
        "max": 10.174709109332166,
        "p50": 10.174660285743432,
        "p75": 10.174709109332166,
        "p90": 10.174709109332166,
        "p95": 10.174709109332166
      }
    },
    "DOT/USDT|Sideways|fill|lt25": {
      "count": 3,
      "spread_bps": {
        "count": 3,
        "mean": 7.510326699212256,
        "max": 7.510326699212256,
        "p50": 7.510326699212256,
        "p75": 7.510326699212256,
        "p90": 7.510326699212256,
        "p95": 7.510326699212256
      },
      "slippage_bps": {
        "count": 3,
        "mean": 3.7551633496052936,
        "max": 3.7551633496052936,
        "p50": 3.7551633496052936,
        "p75": 3.7551633496052936,
        "p90": 3.7551633496052936,
        "p95": 3.7551633496052936
      },
      "fee_bps": {
        "count": 3,
        "mean": 10.0,
        "max": 10.0,
        "p50": 10.0,
        "p75": 10.0,
        "p90": 10.0,
        "p95": 10.0
      },
      "cost_bps_total": {
        "count": 3,
        "mean": 13.753753753753339,
        "max": 13.75375375375334,
        "p50": 13.75375375375334,
        "p75": 13.75375375375334,
        "p90": 13.75375375375334,
        "p95": 13.75375375375334
      }
    },
    "POL/USDT|Sideways|fill|lt25": {
      "count": 2,
      "spread_bps": {
        "count": 2,
        "mean": 1.317219825895913,
        "max": 1.7616489033740974,
        "p50": 0.8727907484177284,
        "p75": 1.7616489033740974,
        "p90": 1.7616489033740974,
        "p95": 1.7616489033740974
      },
      "slippage_bps": {
        "count": 2,
        "mean": 1.5314006613668987,
        "max": 2.1819768710461376,
        "p50": 0.8808244516876598,
        "p75": 2.1819768710461376,
        "p90": 2.1819768710461376,
        "p95": 2.1819768710461376
      },
      "fee_bps": {
        "count": 2,
        "mean": 10.0,
        "max": 10.0,
        "p50": 10.0,
        "p75": 10.0,
        "p90": 10.0,
        "p95": 10.0
      },
      "cost_bps_total": {
        "count": 2,
        "mean": 11.531599975304646,
        "max": 12.18245307725981,
        "p50": 10.880746873349482,
        "p75": 12.18245307725981,
        "p90": 12.18245307725981,
        "p95": 12.18245307725981
      }
    },
    "SOL/USDT|Sideways|fill|lt25": {
      "count": 2,
      "spread_bps": {
        "count": 2,
        "mean": 1.2034231131495798,
        "max": 1.2114604155298208,
        "p50": 1.195385810769339,
        "p75": 1.2114604155298208,
        "p90": 1.2114604155298208,
        "p95": 1.2114604155298208
      },
      "slippage_bps": {
        "count": 2,
        "mean": 1.80513466972608,
        "max": 1.8171906232964528,
        "p50": 1.7930787161557071,
        "p75": 1.8171906232964528,
        "p90": 1.8171906232964528,
        "p95": 1.8171906232964528
      },
      "fee_bps": {
        "count": 2,
        "mean": 10.0,
        "max": 10.0,
        "p50": 10.0,
        "p75": 10.0,
        "p90": 10.0,
        "p95": 10.0
      },
      "cost_bps_total": {
        "count": 2,
        "mean": 11.805130376030231,
        "max": 11.816860465116347,
        "p50": 11.793400286944113,
        "p75": 11.816860465116347,
        "p90": 11.816860465116347,
        "p95": 11.816860465116347
      }
    },
    "UNI/USDT|Sideways|fill|lt25": {
      "count": 1,
      "spread_bps": {
        "count": 1,
        "mean": 2.8196813760054535,
        "max": 2.8196813760054535,
        "p50": 2.8196813760054535,
        "p75": 2.8196813760054535,
        "p90": 2.8196813760054535,
        "p95": 2.8196813760054535
      },
      "slippage_bps": {
        "count": 1,
        "mean": 4.229522064006927,
        "max": 4.229522064006927,
        "p50": 4.229522064006927,
        "p75": 4.229522064006927,
        "p90": 4.229522064006927,
        "p95": 4.229522064006927
      },
      "fee_bps": {
        "count": 1,
        "mean": 10.0,
        "max": 10.0,
        "p50": 10.0,
        "p75": 10.0,
        "p90": 10.0,
        "p95": 10.0
      },
      "cost_bps_total": {
        "count": 1,
        "mean": 14.227733934611209,
        "max": 14.227733934611209,
        "p50": 14.227733934611209,
        "p75": 14.227733934611209,
        "p90": 14.227733934611209,
        "p95": 14.227733934611209
      }
    },
    "AVAX/USDT|Sideways|fill|lt25": {
      "count": 1,
      "spread_bps": {
        "count": 1,
        "mean": 1.046189255635765,
        "max": 1.046189255635765,
        "p50": 1.046189255635765,
        "p75": 1.046189255635765,
        "p90": 1.046189255635765,
        "p95": 1.046189255635765
      },
      "slippage_bps": {
        "count": 1,
        "mean": 6.800230161637119,
        "max": 6.800230161637119,
        "p50": 6.800230161637119,
        "p75": 6.800230161637119,
        "p90": 6.800230161637119,
        "p95": 6.800230161637119
      },
      "fee_bps": {
        "count": 1,
        "mean": 9.999999999999998,
        "max": 9.999999999999998,
        "p50": 9.999999999999998,
        "p75": 9.999999999999998,
        "p90": 9.999999999999998,
        "p95": 9.999999999999998
      },
      "cost_bps_total": {
        "count": 1,
        "mean": 16.79560899111431,
        "max": 16.79560899111431,
        "p50": 16.79560899111431,
        "p75": 16.79560899111431,
        "p90": 16.79560899111431,
        "p95": 16.79560899111431
      }
    },
    "LTC/USDT|Sideways|fill|lt25": {
      "count": 2,
      "spread_bps": {
        "count": 2,
        "mean": 1.726078544915592,
        "max": 1.7293558149585837,
        "p50": 1.7228012748726005,
        "p75": 1.7293558149585837,
        "p90": 1.7293558149585837,
        "p95": 1.7293558149585837
      },
      "slippage_bps": {
        "count": 2,
        "mean": 0.8695938125437805,
        "max": 4.323389537397074,
        "p50": -2.584201912309513,
        "p75": 4.323389537397074,
        "p90": 4.323389537397074,
        "p95": 4.323389537397074
      },
      "fee_bps": {
        "count": 2,
        "mean": 10.0,
        "max": 10.0,
        "p50": 10.0,
        "p75": 10.0,
        "p90": 10.0,
        "p95": 10.0
      },
      "cost_bps_total": {
        "count": 2,
        "mean": 13.45252772517083,
        "max": 14.321521175453514,
        "p50": 12.583534274888146,
        "p75": 14.321521175453514,
        "p90": 14.321521175453514,
        "p95": 14.321521175453514
      }
    },
    "FIL/USDT|Sideways|fill|lt25": {
      "count": 1,
      "spread_bps": {
        "count": 1,
        "mean": 0.9157089876836133,
        "max": 0.9157089876836133,
        "p50": 0.9157089876836133,
        "p75": 0.9157089876836133,
        "p90": 0.9157089876836133,
        "p95": 0.9157089876836133
      },
      "slippage_bps": {
        "count": 1,
        "mean": -5.952108419944503,
        "max": -5.952108419944503,
        "p50": -5.952108419944503,
        "p75": -5.952108419944503,
        "p90": -5.952108419944503,
        "p95": -5.952108419944503
      },