{
  "schema_version": 1,
  "day": "20260211",
  "coverage": {
    "events_total": 25,
    "fills": 25,
    "missing_bidask": 0
  },
  "buckets": {
    "BTC/USDT|Risk-Off|fill|ge250": {
      "count": 2,
      "spread_bps": {
        "count": 2,
        "mean": 2.0,
        "max": 2.0,
        "p50": 2.0,
        "p75": 2.0,
        "p90": 2.0,
        "p95": 2.0
      },
      "slippage_bps": {
        "count": 2,
        "mean": 3.505,
        "max": 4.34,
        "p50": 2.67,
        "p75": 4.34,
        "p90": 4.34,
        "p95": 4.34
      },
      "fee_bps": {
        "count": 2,
        "mean": 1.115,
        "max": 1.47,
        "p50": 0.76,
        "p75": 1.47,
        "p90": 1.47,
        "p95": 1.47
      },
      "cost_bps_total": {
        "count": 2,
        "mean": 4.615,
        "max": 5.09,
        "p50": 4.14,
        "p75": 5.09,
        "p90": 5.09,
        "p95": 5.09
      }
    },
    "BTC/USDT|Sideways|fill|ge250": {
      "count": 2,
      "spread_bps": {
        "count": 2,
        "mean": 2.0,
        "max": 2.0,
        "p50": 2.0,
        "p75": 2.0,
        "p90": 2.0,
        "p95": 2.0
      },
      "slippage_bps": {
        "count": 2,
        "mean": 1.44,
        "max": 1.91,
        "p50": 0.97,
        "p75": 1.91,
        "p90": 1.91,
        "p95": 1.91
      },
      "fee_bps": {
        "count": 2,
        "mean": 0.615,
        "max": 0.7,
        "p50": 0.53,
        "p75": 0.7,
        "p90": 0.7,
        "p95": 0.7
      },
      "cost_bps_total": {
        "count": 2,
        "mean": 2.05,
        "max": 2.44,
        "p50": 1.66,
        "p75": 2.44,
        "p90": 2.44,
        "p95": 2.44
      }
    },
    "BNB/USDT|Risk-Off|fill|ge250": {
      "count": 3,
      "spread_bps": {
        "count": 3,
        "mean": 2.0,
        "max": 2.0,
        "p50": 2.0,
        "p75": 2.0,
        "p90": 2.0,
        "p95": 2.0
      },
      "slippage_bps": {
        "count": 3,
        "mean": 4.026666666666666,
        "max": 4.45,
        "p50": 4.06,
        "p75": 4.45,
        "p90": 4.45,
        "p95": 4.45
      },
      "fee_bps": {
        "count": 3,
        "mean": 0.9533333333333335,
        "max": 1.47,
        "p50": 0.75,
        "p75": 1.47,
        "p90": 1.47,
        "p95": 1.47
      },
      "cost_bps_total": {
        "count": 3,
        "mean": 4.9799999999999995,
        "max": 5.92,
        "p50": 4.81,
        "p75": 5.92,
        "p90": 5.92,
        "p95": 5.92
      }
    },
    "ETH/USDT|Trending|fill|ge250": {
      "count": 1,
      "spread_bps": {
        "count": 1,
        "mean": 2.0,
        "max": 2.0,
        "p50": 2.0,
        "p75": 2.0,
        "p90": 2.0,
        "p95": 2.0
      },
      "slippage_bps": {
        "count": 1,
        "mean": 4.51,
        "max": 4.51,
        "p50": 4.51,
        "p75": 4.51,
        "p90": 4.51,
        "p95": 4.51
      },
      "fee_bps": {
        "count": 1,
        "mean": 1.22,
        "max": 1.22,
        "p50": 1.22,
        "p75": 1.22,
        "p90": 1.22,
        "p95": 1.22
      },
      "cost_bps_total": {
        "count": 1,
        "mean": 5.73,
        "max": 5.73,
        "p50": 5.73,
        "p75": 5.73,
        "p90": 5.73,
        "p95": 5.73
      }
    },
    "SOL/USDT|Sideways|fill|25_50": {
      "count": 1,
      "spread_bps": {
        "count": 1,
        "mean": 2.0,
        "max": 2.0,
        "p50": 2.0,
        "p75": 2.0,
        "p90": 2.0,
        "p95": 2.0
      },
      "slippage_bps": {
        "count": 1,
        "mean": 3.83,
        "max": 3.83,
        "p50": 3.83,
        "p75": 3.83,
        "p90": 3.83,
        "p95": 3.83
      },
      "fee_bps": {
        "count": 1,
        "mean": 0.9,
        "max": 0.9,
        "p50": 0.9,
        "p75": 0.9,
        "p90": 0.9,
        "p95": 0.9
      },
      "cost_bps_total": {
        "count": 1,
        "mean": 4.73,
        "max": 4.73,
        "p50": 4.73,
        "p75": 4.73,
        "p90": 4.73,
        "p95": 4.73
      }
    },
    "SOL/USDT|Sideways|fill|ge250": {
      "count": 2,
      "spread_bps": {
        "count": 2,
        "mean": 2.0,
        "max": 2.0,
        "p50": 2.0,
        "p75": 2.0,
        "p90": 2.0,
        "p95": 2.0
      },
      "slippage_bps": {
        "count": 2,
        "mean": 3.11,
        "max": 4.8,
        "p50": 1.42,
        "p75": 4.8,
        "p90": 4.8,
        "p95": 4.8
      },
      "fee_bps": {
        "count": 2,
        "mean": 0.645,
        "max": 0.68,
        "p50": 0.61,
        "p75": 0.68,
        "p90": 0.68,
        "p95": 0.68
      },
      "cost_bps_total": {
        "count": 2,
        "mean": 3.755,
        "max": 5.48,
        "p50": 2.03,
        "p75": 5.48,
        "p90": 5.48,
        "p95": 5.48
      }
    },
    "BNB/USDT|Risk-Off|fill|50_100": {
      "count": 2,
      "spread_bps": {
        "count": 2,
        "mean": 2.0,
        "max": 2.0,
        "p50": 2.0,
        "p75": 2.0,
        "p90": 2.0,
        "p95": 2.0
      },
      "slippage_bps": {
        "count": 2,
        "mean": 1.415,
        "max": 2.1,
        "p50": 0.73,
        "p75": 2.1,
        "p90": 2.1,
        "p95": 2.1
      },
      "fee_bps": {
        "count": 2,
        "mean": 0.885,
        "max": 0.99,
        "p50": 0.78,
        "p75": 0.99,
        "p90": 0.99,
        "p95": 0.99
      },
      "cost_bps_total": {
        "count": 2,
        "mean": 2.3,
        "max": 2.88,
        "p50": 1.72,
        "p75": 2.88,
        "p90": 2.88,
        "p95": 2.88
      }
    },
    "SOL/USDT|Sideways|fill|100_250": {
      "count": 1,
      "spread_bps": {
        "count": 1,
        "mean": 2.0,
        "max": 2.0,
        "p50": 2.0,
        "p75": 2.0,
        "p90": 2.0,
        "p95": 2.0
      },
      "slippage_bps": {
        "count": 1,
        "mean": 2.84,
        "max": 2.84,
        "p50": 2.84,
        "p75": 2.84,
        "p90": 2.84,
        "p95": 2.84
      },
      "fee_bps": {
        "count": 1,
        "mean": 1.36,
        "max": 1.36,
        "p50": 1.36,
        "p75": 1.36,
        "p90": 1.36,
        "p95": 1.36
      },
      "cost_bps_total": {
        "count": 1,
        "mean": 4.2,
        "max": 4.2,
        "p50": 4.2,
        "p75": 4.2,
        "p90": 4.2,
        "p95": 4.2
      }
    },
    "SOL/USDT|Risk-Off|fill|100_250": {
      "count": 1,
      "spread_bps": {
        "count": 1,
        "mean": 2.0,
        "max": 2.0,
        "p50": 2.0,
        "p75": 2.0,
        "p90": 2.0,
        "p95": 2.0
      },
      "slippage_bps": {
        "count": 1,
        "mean": 2.04,
        "max": 2.04,
        "p50": 2.04,
        "p75": 2.04,
        "p90": 2.04,
        "p95": 2.04
      },
      "fee_bps": {
        "count": 1,
        "mean": 1.31,
        "max": 1.31,
        "p50": 1.31,
        "p75": 1.31,
        "p90": 1.31,
        "p95": 1.31
      },
      "cost_bps_total": {
        "count": 1,
        "mean": 3.35,
        "max": 3.35,
        "p50": 3.35,
        "p75": 3.35,
        "p90": 3.35,
        "p95": 3.35
      }
    },
    "BTC/USDT|Trending|fill|ge250": {
      "count": 2,
      "spread_bps": {
        "count": 2,
        "mean": 2.0,
        "max": 2.0,
        "p50": 2.0,
        "p75": 2.0,
        "p90": 2.0,
        "p95": 2.0
      },
      "slippage_bps": {
        "count": 2,
        "mean": 3.255,
        "max": 4.66,
        "p50": 1.85,
        "p75": 4.66,
        "p90": 4.66,
        "p95": 4.66
      },
      "fee_bps": {
        "count": 2,
        "mean": 1.06,
        "max": 1.41,
        "p50": 0.71,
        "p75": 1.41,
        "p90": 1.41,
        "p95": 1.41
      },
      "cost_bps_total": {
        "count": 2,
        "mean": 4.315,
        "max": 5.36,
        "p50": 3.27,
        "p75": 5.36,
        "p90": 5.36,
        "p95": 5.36
      }
    },
    "BNB/USDT|Trending|fill|ge250": {
      "count": 1,
      "spread_bps": {
        "count": 1,
        "mean": 2.0,
        "max": 2.0,