{
  "schema_version": 1,
  "day": "20260210",
  "coverage": {
    "events_total": 25,
    "fills": 25,
    "missing_bidask": 0
  },
  "buckets": {
    "ETH/USDT|Risk-Off|fill|100_250": {
      "count": 1,
      "spread_bps": {
        "count": 1,
        "mean": 2.0,
        "max": 2.0,
        "p50": 2.0,
        "p75": 2.0,
        "p90": 2.0,
        "p95": 2.0
      },
      "slippage_bps": {
        "count": 1,
        "mean": 3.82,
        "max": 3.82,
        "p50": 3.82,
        "p75": 3.82,
        "p90": 3.82,
        "p95": 3.82
      },
      "fee_bps": {
        "count": 1,
        "mean": 1.29,
        "max": 1.29,
        "p50": 1.29,
        "p75": 1.29,
        "p90": 1.29,
        "p95": 1.29
      },
      "cost_bps_total": {
        "count": 1,
        "mean": 5.12,
        "max": 5.12,
        "p50": 5.12,
        "p75": 5.12,
        "p90": 5.12,
        "p95": 5.12
      }
    },
    "BNB/USDT|Sideways|fill|lt25": {
      "count": 1,
      "spread_bps": {
        "count": 1,
        "mean": 2.0,
        "max": 2.0,
        "p50": 2.0,
        "p75": 2.0,
        "p90": 2.0,
        "p95": 2.0
      },
      "slippage_bps": {
        "count": 1,
        "mean": 1.68,
        "max": 1.68,
        "p50": 1.68,
        "p75": 1.68,
        "p90": 1.68,
        "p95": 1.68
      },
      "fee_bps": {
        "count": 1,
        "mean": 1.36,
        "max": 1.36,
        "p50": 1.36,
        "p75": 1.36,
        "p90": 1.36,
        "p95": 1.36
      },
      "cost_bps_total": {
        "count": 1,
        "mean": 3.04,
        "max": 3.04,
        "p50": 3.04,
        "p75": 3.04,
        "p90": 3.04,
        "p95": 3.04
      }
    },
    "BTC/USDT|Risk-Off|fill|100_250": {
      "count": 3,
      "spread_bps": {
        "count": 3,
        "mean": 2.0,
        "max": 2.0,
        "p50": 2.0,
        "p75": 2.0,
        "p90": 2.0,
        "p95": 2.0
      },
      "slippage_bps": {
        "count": 3,
        "mean": 1.53,
        "max": 2.27,
        "p50": 1.39,
        "p75": 2.27,
        "p90": 2.27,
        "p95": 2.27
      },
      "fee_bps": {
        "count": 3,
        "mean": 0.9966666666666667,
        "max": 1.09,
        "p50": 0.96,
        "p75": 1.09,
        "p90": 1.09,
        "p95": 1.09
      },
      "cost_bps_total": {
        "count": 3,
        "mean": 2.5233333333333334,
        "max": 3.21,
        "p50": 2.47,
        "p75": 3.21,
        "p90": 3.21,
        "p95": 3.21
      }
    },
    "SOL/USDT|Sideways|fill|ge250": {
      "count": 2,
      "spread_bps": {
        "count": 2,
        "mean": 2.0,
        "max": 2.0,
        "p50": 2.0,
        "p75": 2.0,
        "p90": 2.0,
        "p95": 2.0
      },
      "slippage_bps": {
        "count": 2,
        "mean": 1.405,
        "max": 2.02,
        "p50": 0.79,
        "p75": 2.02,
        "p90": 2.02,
        "p95": 2.02
      },
      "fee_bps": {
        "count": 2,
        "mean": 1.005,
        "max": 1.39,
        "p50": 0.62,
        "p75": 1.39,
        "p90": 1.39,
        "p95": 1.39
      },
      "cost_bps_total": {
        "count": 2,
        "mean": 2.41,
        "max": 3.41,
        "p50": 1.41,
        "p75": 3.41,
        "p90": 3.41,
        "p95": 3.41
      }
    },
    "BNB/USDT|Sideways|fill|ge250": {
      "count": 1,
      "spread_bps": {
        "count": 1,
        "mean": 2.0,
        "max": 2.0,
        "p50": 2.0,
        "p75": 2.0,
        "p90": 2.0,
        "p95": 2.0
      },
      "slippage_bps": {
        "count": 1,
        "mean": 2.37,
        "max": 2.37,
        "p50": 2.37,
        "p75": 2.37,
        "p90": 2.37,
        "p95": 2.37
      },
      "fee_bps": {
        "count": 1,
        "mean": 1.1,
        "max": 1.1,
        "p50": 1.1,
        "p75": 1.1,
        "p90": 1.1,
        "p95": 1.1
      },
      "cost_bps_total": {
        "count": 1,
        "mean": 3.47,
        "max": 3.47,
        "p50": 3.47,
        "p75": 3.47,
        "p90": 3.47,
        "p95": 3.47
      }
    },
    "SOL/USDT|Risk-Off|fill|100_250": {
      "count": 3,
      "spread_bps": {
        "count": 3,
        "mean": 2.0,
        "max": 2.0,
        "p50": 2.0,
        "p75": 2.0,
        "p90": 2.0,
        "p95": 2.0
      },
      "slippage_bps": {
        "count": 3,
        "mean": 1.6366666666666667,
        "max": 2.08,
        "p50": 1.6,
        "p75": 2.08,
        "p90": 2.08,
        "p95": 2.08
      },
      "fee_bps": {
        "count": 3,
        "mean": 0.9133333333333334,
        "max": 1.31,
        "p50": 0.92,
        "p75": 1.31,
        "p90": 1.31,
        "p95": 1.31
      },
      "cost_bps_total": {
        "count": 3,
        "mean": 2.5433333333333334,
        "max": 3.0,
        "p50": 2.53,
        "p75": 3.0,
        "p90": 3.0,
        "p95": 3.0
      }
    },
    "ETH/USDT|Sideways|fill|ge250": {
      "count": 2,
      "spread_bps": {
        "count": 2,
        "mean": 2.0,
        "max": 2.0,
        "p50": 2.0,
        "p75": 2.0,
        "p90": 2.0,
        "p95": 2.0
      },
      "slippage_bps": {
        "count": 2,
        "mean": 4.01,
        "max": 4.1,
        "p50": 3.92,
        "p75": 4.1,
        "p90": 4.1,
        "p95": 4.1
      },
      "fee_bps": {
        "count": 2,
        "mean": 1.1800000000000002,
        "max": 1.28,
        "p50": 1.08,
        "p75": 1.28,
        "p90": 1.28,
        "p95": 1.28
      },
      "cost_bps_total": {
        "count": 2,
        "mean": 5.1899999999999995,
        "max": 5.2,
        "p50": 5.18,
        "p75": 5.2,
        "p90": 5.2,
        "p95": 5.2
      }
    },
    "BNB/USDT|Risk-Off|fill|ge250": {
      "count": 1,
      "spread_bps": {
        "count": 1,
        "mean": 2.0,
        "max": 2.0,
        "p50": 2.0,
        "p75": 2.0,
        "p90": 2.0,
        "p95": 2.0
      },
      "slippage_bps": {
        "count": 1,
        "mean": 4.37,
        "max": 4.37,
        "p50": 4.37,
        "p75": 4.37,
        "p90": 4.37,
        "p95": 4.37
      },
      "fee_bps": {
        "count": 1,
        "mean": 0.86,
        "max": 0.86,
        "p50": 0.86,
        "p75": 0.86,
        "p90": 0.86,
        "p95": 0.86
      },
      "cost_bps_total": {
        "count": 1,
        "mean": 5.23,
        "max": 5.23,
        "p50": 5.23,
        "p75": 5.23,
        "p90": 5.23,
        "p95": 5.23
      }
    },
    "ETH/USDT|Trending|fill|100_250": {
      "count": 1,
      "spread_bps": {
        "count": 1,
        "mean": 2.0,
        "max": 2.0,
        "p50": 2.0,
        "p75": 2.0,
        "p90": 2.0,
        "p95": 2.0
      },
      "slippage_bps": {
        "count": 1,
        "mean": 1.86,
        "max": 1.86,
        "p50": 1.86,
        "p75": 1.86,
        "p90": 1.86,
        "p95": 1.86
      },
      "fee_bps": {
        "count": 1,
        "mean": 1.25,
        "max": 1.25,
        "p50": 1.25,
        "p75": 1.25,
        "p90": 1.25,
        "p95": 1.25
      },
      "cost_bps_total": {
        "count": 1,
        "mean": 3.11,
        "max": 3.11,
        "p50": 3.11,
        "p75": 3.11,
        "p90": 3.11,
        "p95": 3.11
      }
    },
    "BTC/USDT|Sideways|fill|100_250": {
      "count": 1,
      "spread_bps": {
        "count": 1,
        "mean": 2.0,
        "max": 2.0,
        "p50": 2.0,
        "p75": 2.0,
        "p90": 2.0,
        "p95": 2.0
      },
      "slippage_bps": {
        "count": 1,
        "mean": 3.87,
        "max": 3.87,
        "p50": 3.87,
        "p75": 3.87,
        "p90": 3.87,
        "p95": 3.87
      },
      "fee_bps": {
        "count": 1,
        "mean": 1.46,
        "max": 1.46,
        "p50": 1.46,
        "p75": 1.46,
        "p90": 1.46,
        "p95": 1.46
      },
      "cost_bps_total": {
        "count": 1,
        "mean": 5.34,
        "max": 5.34,
        "p50": 5.34,
        "p75": 5.34,
        "p90": 5.34,
        "p95": 5.34
      }
    },
    "SOL/USDT|Risk-Off|fill|50_100": {
      "count": 1,