{
  "run_id": "20260218_17",
  "start_ts": 1771430400,
  "end_ts": 1771434000,
  "window_start_ts": 1771430400,
  "window_end_ts": 1771434000,
  "avg_equity": 80.64175056798274,
  "equity_start": 20.0,
  "equity_end": 110.96262585197412,
  "total_return_pct": 4.548131292598706,
  "max_drawdown_pct": 0.8197591319920609,
  "sharpe": 65.07164890841422,
  "num_trades": 0,
  "turnover_ratio": 0.0,
  "fees_usdt_total": 0.0,
  "slippage_usdt_total": 0.0,
  "cost_usdt_total": 0.0,
  "cost_ratio": 0.0,
  "win_rate": null,
  "profit_factor": null,
  "budget": {
    "ymd_utc": "20260218",
    "avg_equity_est": 80.64175056798274,
    "turnover_used": 0.00958980090505,
    "turnover_budget_per_day": null,
    "cost_used_usdt": 1.0548780995549998e-05,
    "cost_used_bps": 0.0013081041670415063,
    "cost_budget_bps_per_day": null,
    "exceeded": false,
    "reason": null,
    "fills_count_today": 4,
    "median_notional_usdt_today": 0.001593462931,
    "small_trade_ratio_today": 1.0,
    "small_trade_notional_cutoff": 1.0
  }
}