{
  "run_id": "20260222_09",
  "start_ts": 1771747200,
  "end_ts": 1771750800,
  "window_start_ts": 1771747200,
  "window_end_ts": 1771750800,
  "avg_equity": 87.89287861439507,
  "equity_start": 109.24505341078785,
  "equity_end": 109.24660534080714,
  "total_return_pct": 1.4205952314050307e-05,
  "max_drawdown_pct": 0.816927949956818,
  "sharpe": 40.88297449784933,
  "num_trades": 1,
  "num_round_trips": 0,
  "turnover_ratio": 0.15536675884982887,
  "fees_usdt_total": 0.00819337900581,
  "slippage_usdt_total": 0.00682781583817,
  "slippage_coverage": 1.0,
  "cost_usdt_total": 0.01502119484398,
  "cost_ratio": 0.00017090343473538064,
  "win_rate": null,
  "profit_factor": null,
  "budget": {
    "ymd_utc": "20260222",
    "avg_equity_est": 87.89287861439507,
    "turnover_used": 54.62577517188694,
    "turnover_budget_per_day": null,
    "cost_used_usdt": 0.060088352689135635,
    "cost_used_bps": 6.836543942627723,
    "cost_budget_bps_per_day": null,
    "exceeded": false,
    "reason": null,
    "fills_count_today": 8,
    "median_notional_usdt_today": 6.829391255626001,
    "small_trade_ratio_today": 0.5,
    "small_trade_notional_cutoff": 1.0
  }
}