{
  "run_id": "20260220_10",
  "start_ts": 1771578000,
  "end_ts": 1771581600,
  "window_start_ts": 1771578000,
  "window_end_ts": 1771581600,
  "avg_equity": 79.4976972838328,
  "equity_start": 20.0,
  "equity_end": 109.2465459257492,
  "total_return_pct": 4.4623272962874605,
  "max_drawdown_pct": 0.816927850390865,
  "sharpe": 64.89731943038065,
  "num_trades": 0,
  "turnover_ratio": 0.0,
  "fees_usdt_total": 0.0,
  "slippage_usdt_total": 0.0,
  "cost_usdt_total": 0.0,
  "cost_ratio": 0.0,
  "win_rate": null,
  "profit_factor": null,
  "budget": {
    "ymd_utc": "20260220",
    "avg_equity_est": 79.4976972838328,
    "turnover_used": 68.2781375615,
    "turnover_budget_per_day": null,
    "cost_used_usdt": 0.07510595131761,
    "cost_used_bps": 9.44756312242066,
    "cost_budget_bps_per_day": null,
    "exceeded": false,
    "reason": null,
    "fills_count_today": 5,
    "median_notional_usdt_today": 13.6556278034,
    "small_trade_ratio_today": 0.0,
    "small_trade_notional_cutoff": 1.0
  }
}