{
  "run_id": "20260220_08",
  "start_ts": 1771570800,
  "end_ts": 1771574400,
  "window_start_ts": 1771570800,
  "window_end_ts": 1771574400,
  "avg_equity": 89.41012801398664,
  "equity_start": 109.24503185880175,
  "equity_end": 109.24652473330893,
  "total_return_pct": 1.3665376647153948e-05,
  "max_drawdown_pct": 0.8169278148771898,
  "sharpe": 41.064757309567995,
  "num_trades": 1,
  "num_round_trips": 0,
  "turnover_ratio": 0.1527302251514931,
  "fees_usdt_total": 0.00819337738941,
  "slippage_usdt_total": 0.00682781449118,
  "slippage_coverage": 1.0,
  "cost_usdt_total": 0.01502119188059,
  "cost_ratio": 0.00016800324766608318,
  "win_rate": null,
  "profit_factor": null,
  "budget": {
    "ymd_utc": "20260220",
    "avg_equity_est": 89.41012801398664,
    "turnover_used": 68.2781375615,
    "turnover_budget_per_day": null,
    "cost_used_usdt": 0.07510595131761,
    "cost_used_bps": 8.400161479006158,
    "cost_budget_bps_per_day": null,
    "exceeded": false,
    "reason": null,
    "fills_count_today": 5,
    "median_notional_usdt_today": 13.6556278034,
    "small_trade_ratio_today": 0.0,
    "small_trade_notional_cutoff": 1.0
  }
}