{
  "run_id": "20260225_13",
  "start_ts": 1772020800,
  "end_ts": 1772024400,
  "window_start_ts": 1772020800,
  "window_end_ts": 1772024400,
  "avg_equity": 108.31255608183515,
  "equity_start": 108.93013205392823,
  "equity_end": 107.07740413764898,
  "total_return_ratio": -0.017008406042893776,
  "total_return_pct": -1.7008406042893776,
  "max_drawdown_pct": 1.7008406042893776,
  "sharpe": -93.594871643375,
  "num_trades": 1,
  "num_round_trips": 0,
  "turnover_ratio": 0.017099038070901934,
  "fees_usdt_total": 0.00185204052,
  "slippage_usdt_total": 0.000332145,
  "slippage_coverage": 1.0,
  "cost_usdt_total": 0.00218418552,
  "cost_ratio": 2.0165580049184202e-05,
  "win_rate": null,
  "profit_factor": null,
  "budget": {
    "ymd_utc": "20260225",
    "avg_equity_est": 108.31255608183515,
    "turnover_used": 19.60136312043,
    "turnover_budget_per_day": null,
    "cost_used_usdt": 0.0226020857554301,
    "cost_used_bps": 2.0867465945825505,
    "cost_budget_bps_per_day": null,
    "exceeded": false,
    "reason": null,
    "fills_count_today": 10,
    "median_notional_usdt_today": 1.8409914600000001,
    "small_trade_ratio_today": 0.0,
    "small_trade_notional_cutoff": 0.0
  },
  "exit_signals": []
}