{
  "run_id": "20260217_19",
  "start_ts": 1771351200,
  "end_ts": 1771354800,
  "window_start_ts": 1771351200,
  "window_end_ts": 1771354800,
  "avg_equity": 102.10596373881951,
  "equity_start": 20.0,
  "equity_end": 133.48777832919427,
  "total_return_pct": 5.674388916459714,
  "max_drawdown_pct": 0.8691357375705593,
  "sharpe": 67.18461500360485,
  "num_trades": 0,
  "turnover_ratio": 0.0,
  "fees_usdt_total": 0.0,
  "slippage_usdt_total": 0.0,
  "cost_usdt_total": 0.0,
  "cost_ratio": 0.0,
  "win_rate": null,
  "profit_factor": null,
  "budget": {
    "ymd_utc": "20260217",
    "avg_equity_est": 102.10596373881951,
    "turnover_used": 190.7055659630562,
    "turnover_budget_per_day": null,
    "cost_used_usdt": 0.2097761225594378,
    "cost_used_bps": 20.544943201949657,
    "cost_budget_bps_per_day": null,
    "exceeded": false,
    "reason": null,
    "fills_count_today": 12,
    "median_notional_usdt_today": 14.31298356047,
    "small_trade_ratio_today": 0.4166666666666667,
    "small_trade_notional_cutoff": 1.0
  }
}