{
  "f6_sentiment": 0.0416,
  "f6_sentiment_magnitude": 0.0416,
  "f6_fear_greed_index": 52,
  "f6_sentiment_summary": "\u8d44\u91d1\u8d39\u7387\u7efc\u5408\u60c5\u7eea: 0.042 (\u5927\u76d82\u4e2a+\u4e2d\u76d84\u4e2a+\u5c0f\u76d84\u4e2a)",
  "f6_sentiment_confidence": 0.85,
  "f6_sentiment_source": "funding_rate_composite",
  "f6_market_stage": "neutral",
  "tier_breakdown": {
    "large": {
      "avg": 0.0379,
      "count": 2
    },
    "mid": {
      "avg": 0.0558,
      "count": 4
    },
    "small": {
      "avg": 0.029325000000000004,
      "count": 4
    }
  },
  "collected_at": "2026-02-27T13:30:15.623463"
}