{
  "run_id": "20260220_22",
  "start_ts": 1771621200,
  "end_ts": 1771624800,
  "window_start_ts": 1771621200,
  "window_end_ts": 1771624800,
  "avg_equity": 79.49777489325488,
  "equity_start": 20.0,
  "equity_end": 109.24666233988232,
  "total_return_pct": 4.462333116994116,
  "max_drawdown_pct": 0.8169280454740385,
  "sharpe": 64.89733143626572,
  "num_trades": 0,
  "turnover_ratio": 0.0,
  "fees_usdt_total": 0.0,
  "slippage_usdt_total": 0.0,
  "cost_usdt_total": 0.0,
  "cost_ratio": 0.0,
  "win_rate": null,
  "profit_factor": null,
  "budget": {
    "ymd_utc": "20260220",
    "avg_equity_est": 79.49777489325488,
    "turnover_used": 122.91356813054716,
    "turnover_budget_per_day": null,
    "cost_used_usdt": 0.13520492494351188,
    "cost_used_bps": 17.00738481360735,
    "cost_budget_bps_per_day": null,
    "exceeded": false,
    "reason": null,
    "fills_count_today": 25,
    "median_notional_usdt_today": 0.003087194458,
    "small_trade_ratio_today": 0.64,
    "small_trade_notional_cutoff": 1.0
  }
}