{
  "run_id": "20260222_08",
  "start_ts": 1771743600,
  "end_ts": 1771747200,
  "window_start_ts": 1771743600,
  "window_end_ts": 1771747200,
  "avg_equity": 87.89287404178846,
  "equity_start": 109.24505792171777,
  "equity_end": 109.24659181052148,
  "total_return_pct": 1.4040807272186484e-05,
  "max_drawdown_pct": 0.816927927283185,
  "sharpe": 40.88297263306374,
  "num_trades": 1,
  "num_round_trips": 0,
  "turnover_ratio": 0.15536677334851356,
  "fees_usdt_total": 0.00819337934413,
  "slippage_usdt_total": 0.00682781612011,
  "slippage_coverage": 1.0,
  "cost_usdt_total": 0.015021195464239998,
  "cost_ratio": 0.00017090345068359247,
  "win_rate": null,
  "profit_factor": null,
  "budget": {
    "ymd_utc": "20260222",
    "avg_equity_est": 87.89287404178846,
    "turnover_used": 40.970143495586946,
    "turnover_budget_per_day": null,
    "cost_used_usdt": 0.045067157845155636,
    "cost_used_bps": 5.1275098620314274,
    "cost_budget_bps_per_day": null,
    "exceeded": false,
    "reason": null,
    "fills_count_today": 7,
    "median_notional_usdt_today": 0.003150834952,
    "small_trade_ratio_today": 0.5714285714285714,
    "small_trade_notional_cutoff": 1.0
  }
}