{
  "run_id": "20260222_10",
  "start_ts": 1771750800,
  "end_ts": 1771754400,
  "window_start_ts": 1771750800,
  "window_end_ts": 1771754400,
  "avg_equity": 87.89292030156304,
  "equity_start": 109.24505722742782,
  "equity_end": 109.24669639398748,
  "total_return_pct": 1.5004491747738768e-05,
  "max_drawdown_pct": 0.8169281025407673,
  "sharpe": 40.88298649321287,
  "num_trades": 1,
  "num_round_trips": 0,
  "turnover_ratio": 0.15536669058835623,
  "fees_usdt_total": 0.00819337929206,
  "slippage_usdt_total": 0.00682781607671,
  "slippage_coverage": 1.0,
  "cost_usdt_total": 0.01502119536877,
  "cost_ratio": 0.0001709033596475332,
  "win_rate": null,
  "profit_factor": null,
  "budget": {
    "ymd_utc": "20260222",
    "avg_equity_est": 87.89292030156304,
    "turnover_used": 68.28140732528695,
    "turnover_budget_per_day": null,
    "cost_used_usdt": 0.07510954805790564,
    "cost_used_bps": 8.545574296564808,
    "cost_budget_bps_per_day": null,
    "exceeded": false,
    "reason": null,
    "fills_count_today": 9,
    "median_notional_usdt_today": 13.6556316763,
    "small_trade_ratio_today": 0.4444444444444444,
    "small_trade_notional_cutoff": 1.0
  }
}