{
  "run_id": "20260217_11",
  "start_ts": 1771322400,
  "end_ts": 1771326000,
  "window_start_ts": 1771322400,
  "window_end_ts": 1771326000,
  "avg_equity": 88.05065487286465,
  "equity_start": 112.80289499077004,
  "equity_end": 112.79117770047988,
  "total_return_pct": -0.00010387402106237786,
  "max_drawdown_pct": 0.8226995858427527,
  "sharpe": 44.95840060533801,
  "num_trades": 0,
  "turnover_ratio": 0.0,
  "fees_usdt_total": 0.21483352411120002,
  "slippage_usdt_total": 0.0,
  "cost_usdt_total": 0.21483352411120002,
  "cost_ratio": 0.0019045036399888363,
  "win_rate": null,
  "profit_factor": null,
  "budget": {
    "ymd_utc": "20260217",
    "avg_equity_est": 88.05065487286465,
    "turnover_used": 164.5730043832582,
    "turnover_budget_per_day": null,
    "cost_used_usdt": 0.18103030482163002,
    "cost_used_bps": 20.559790848008753,
    "cost_budget_bps_per_day": null,
    "exceeded": false,
    "reason": null,
    "fills_count_today": 9,
    "median_notional_usdt_today": 28.2281252457,
    "small_trade_ratio_today": 0.3333333333333333,
    "small_trade_notional_cutoff": 1.0
  }
}