{
  "run_id": "20260221_18",
  "start_ts": 1771693200,
  "end_ts": 1771696800,
  "window_start_ts": 1771693200,
  "window_end_ts": 1771696800,
  "avg_equity": 89.41018929991529,
  "equity_start": 109.24507923990781,
  "equity_end": 109.24662709407629,
  "total_return_pct": 1.4168639715927966e-05,
  "max_drawdown_pct": 0.8169279864102599,
  "sharpe": 41.06476978947773,
  "num_trades": 1,
  "num_round_trips": 0,
  "turnover_ratio": 0.15273018670382055,
  "fees_usdt_total": 0.00819338094299,
  "slippage_usdt_total": 0.00682781745249,
  "slippage_coverage": 1.0,
  "cost_usdt_total": 0.01502119839548,
  "cost_ratio": 0.00016800320537397893,
  "win_rate": null,
  "profit_factor": null,
  "budget": {
    "ymd_utc": "20260221",
    "avg_equity_est": 89.41018929991529,
    "turnover_used": 95.59591726351185,
    "turnover_budget_per_day": null,
    "cost_used_usdt": 0.10515550898981303,
    "cost_used_bps": 11.761020730767276,
    "cost_budget_bps_per_day": null,
    "exceeded": false,
    "reason": null,
    "fills_count_today": 16,
    "median_notional_usdt_today": 0.003135663071,
    "small_trade_ratio_today": 0.5625,
    "small_trade_notional_cutoff": 1.0
  }
}