{
  "run_id": "20260222_06",
  "start_ts": 1771736400,
  "end_ts": 1771740000,
  "window_start_ts": 1771736400,
  "window_end_ts": 1771740000,
  "avg_equity": 79.49771575199115,
  "equity_start": 20.0,
  "equity_end": 109.24657362798673,
  "total_return_pct": 4.462328681399336,
  "max_drawdown_pct": 0.8169278968134484,
  "sharpe": 64.89732228733739,
  "num_trades": 0,
  "turnover_ratio": 0.0,
  "fees_usdt_total": 0.0,
  "slippage_usdt_total": 0.0,
  "cost_usdt_total": 0.0,
  "cost_ratio": 0.0,
  "win_rate": null,
  "profit_factor": null,
  "budget": {
    "ymd_utc": "20260222",
    "avg_equity_est": 79.49771575199115,
    "turnover_used": 27.314511255386947,
    "turnover_budget_per_day": null,
    "cost_used_usdt": 0.030045962380915642,
    "cost_used_bps": 3.779474931663441,
    "cost_budget_bps_per_day": null,
    "exceeded": false,
    "reason": null,
    "fills_count_today": 6,
    "median_notional_usdt_today": 0.00160421173537235,
    "small_trade_ratio_today": 0.6666666666666666,
    "small_trade_notional_cutoff": 1.0
  }
}