{
  "run_id": "20260222_23",
  "start_ts": 1771797600,
  "end_ts": 1771801200,
  "window_start_ts": 1771797600,
  "window_end_ts": 1771801200,
  "avg_equity": 109.22317544858687,
  "equity_start": 109.22317544858689,
  "equity_end": 109.22317544858689,
  "total_return_ratio": 0.0,
  "total_return_pct": 0.0,
  "max_drawdown_pct": 0.0,
  "sharpe": 0.0,
  "num_trades": 0,
  "turnover_ratio": 0.0,
  "fees_usdt_total": 0.0,
  "slippage_usdt_total": 0.0,
  "cost_usdt_total": 0.0,
  "cost_ratio": 0.0,
  "win_rate": null,
  "profit_factor": null,
  "budget": {
    "ymd_utc": "20260222",
    "avg_equity_est": 109.22317544858687,
    "turnover_used": 68.2861580092528,
    "turnover_budget_per_day": null,
    "cost_used_usdt": 0.07511477381026807,
    "cost_used_bps": 6.877182750068077,
    "cost_budget_bps_per_day": null,
    "exceeded": false,
    "reason": null,
    "fills_count_today": 15,
    "median_notional_usdt_today": 0.001517362,
    "small_trade_ratio_today": 0.6666666666666666,
    "small_trade_notional_cutoff": 1.0
  },
  "exit_signals": []
}