{
  "run_id": "20260220_20",
  "start_ts": 1771614000,
  "end_ts": 1771617600,
  "window_start_ts": 1771614000,
  "window_end_ts": 1771617600,
  "avg_equity": 79.49774427782319,
  "equity_start": 20.0,
  "equity_end": 109.24661641673478,
  "total_return_pct": 4.462330820836739,
  "max_drawdown_pct": 0.8169279685175098,
  "sharpe": 64.89732670017679,
  "num_trades": 0,
  "turnover_ratio": 0.0,
  "fees_usdt_total": 0.0,
  "slippage_usdt_total": 0.0,
  "cost_usdt_total": 0.0,
  "cost_ratio": 0.0,
  "win_rate": null,
  "profit_factor": null,
  "budget": {
    "ymd_utc": "20260220",
    "avg_equity_est": 79.49774427782319,
    "turnover_used": 109.25469386631244,
    "turnover_budget_per_day": null,
    "cost_used_usdt": 0.12018016325285368,
    "cost_used_bps": 15.117430606943563,
    "cost_budget_bps_per_day": null,
    "exceeded": false,
    "reason": null,
    "fills_count_today": 20,
    "median_notional_usdt_today": 0.0031146171740000003,
    "small_trade_ratio_today": 0.6,
    "small_trade_notional_cutoff": 1.0
  }
}