{
  "run_id": "20260220_07",
  "start_ts": 1771567200,
  "end_ts": 1771570800,
  "window_start_ts": 1771567200,
  "window_end_ts": 1771570800,
  "avg_equity": 89.41014963106694,
  "equity_start": 109.24502805980607,
  "equity_end": 109.2465762207252,
  "total_return_pct": 1.4171454267852823e-05,
  "max_drawdown_pct": 0.816927901158281,
  "sharpe": 41.064763943104495,
  "num_trades": 1,
  "num_round_trips": 0,
  "turnover_ratio": 0.15273018291376553,
  "fees_usdt_total": 0.00819337710449,
  "slippage_usdt_total": 0.00682781425374,
  "slippage_coverage": 1.0,
  "cost_usdt_total": 0.015021191358230001,
  "cost_ratio": 0.0001680032012049184,
  "win_rate": null,
  "profit_factor": null,
  "budget": {
    "ymd_utc": "20260220",
    "avg_equity_est": 89.41014963106694,
    "turnover_used": 54.6225085791,
    "turnover_budget_per_day": null,
    "cost_used_usdt": 0.060084759437020005,
    "cost_used_bps": 6.720127377590544,
    "cost_budget_bps_per_day": null,
    "exceeded": false,
    "reason": null,
    "fills_count_today": 4,
    "median_notional_usdt_today": 13.6556277591,
    "small_trade_ratio_today": 0.0,
    "small_trade_notional_cutoff": 1.0
  }
}