{
  "run_id": "20260217_20",
  "start_ts": 1771354800,
  "end_ts": 1771358400,
  "window_start_ts": 1771354800,
  "window_end_ts": 1771358400,
  "avg_equity": 95.2290031412886,
  "equity_start": 20.0,
  "equity_end": 132.8435047119329,
  "total_return_pct": 5.642175235596644,
  "max_drawdown_pct": 0.8494469109094239,
  "sharpe": 66.9094548049085,
  "num_trades": 0,
  "turnover_ratio": 0.0,
  "fees_usdt_total": 0.0,
  "slippage_usdt_total": 0.0,
  "cost_usdt_total": 0.0,
  "cost_ratio": 0.0,
  "win_rate": null,
  "profit_factor": null,
  "budget": {
    "ymd_utc": "20260217",
    "avg_equity_est": 95.2290031412886,
    "turnover_used": 190.7055659630562,
    "turnover_budget_per_day": null,
    "cost_used_usdt": 0.2097761225594378,
    "cost_used_bps": 22.02859587306599,
    "cost_budget_bps_per_day": null,
    "exceeded": false,
    "reason": null,
    "fills_count_today": 12,
    "median_notional_usdt_today": 14.31298356047,
    "small_trade_ratio_today": 0.4166666666666667,
    "small_trade_notional_cutoff": 1.0
  }
}