{
  "run_id": "20260218_07",
  "start_ts": 1771394400,
  "end_ts": 1771398000,
  "window_start_ts": 1771394400,
  "window_end_ts": 1771398000,
  "avg_equity": 80.64480623208622,
  "equity_start": 20.0,
  "equity_end": 110.96266337691326,
  "total_return_pct": 4.548133168845663,
  "max_drawdown_pct": 0.8197887248704748,
  "sharpe": 65.07085116228565,
  "num_trades": 0,
  "turnover_ratio": 0.0,
  "fees_usdt_total": 0.0,
  "slippage_usdt_total": 0.0,
  "cost_usdt_total": 0.0,
  "cost_ratio": 0.0,
  "win_rate": null,
  "profit_factor": null,
  "budget": {
    "ymd_utc": "20260218",
    "avg_equity_est": 80.64480623208622,
    "turnover_used": 0.00958980090505,
    "turnover_budget_per_day": null,
    "cost_used_usdt": 1.0548780995549998e-05,
    "cost_used_bps": 0.0013080546024491465,
    "cost_budget_bps_per_day": null,
    "exceeded": false,
    "reason": null,
    "fills_count_today": 4,
    "median_notional_usdt_today": 0.001593462931,
    "small_trade_ratio_today": 1.0,
    "small_trade_notional_cutoff": 1.0
  }
}