{
  "run_id": "20260220_11",
  "start_ts": 1771581600,
  "end_ts": 1771585200,
  "window_start_ts": 1771581600,
  "window_end_ts": 1771585200,
  "avg_equity": 79.49769563316401,
  "equity_start": 20.0,
  "equity_end": 109.24654344974601,
  "total_return_pct": 4.462327172487301,
  "max_drawdown_pct": 0.8169278462416515,
  "sharpe": 64.89731917502814,
  "num_trades": 0,
  "turnover_ratio": 0.0,
  "fees_usdt_total": 0.0,
  "slippage_usdt_total": 0.0,
  "cost_usdt_total": 0.0,
  "cost_ratio": 0.0,
  "win_rate": null,
  "profit_factor": null,
  "budget": {
    "ymd_utc": "20260220",
    "avg_equity_est": 79.49769563316401,
    "turnover_used": 68.2781375615,
    "turnover_budget_per_day": null,
    "cost_used_usdt": 0.07510595131761,
    "cost_used_bps": 9.447563318587324,
    "cost_budget_bps_per_day": null,
    "exceeded": false,
    "reason": null,
    "fills_count_today": 5,
    "median_notional_usdt_today": 13.6556278034,
    "small_trade_ratio_today": 0.0,
    "small_trade_notional_cutoff": 1.0
  }
}