{
  "run_id": "20260217_23",
  "start_ts": 1771365600,
  "end_ts": 1771369200,
  "window_start_ts": 1771365600,
  "window_end_ts": 1771369200,
  "avg_equity": 80.64180747075875,
  "equity_start": 20.0,
  "equity_end": 110.96271120613812,
  "total_return_pct": 4.548135560306906,
  "max_drawdown_pct": 0.8197592706360111,
  "sharpe": 65.07165744926608,
  "num_trades": 0,
  "turnover_ratio": 0.0,
  "fees_usdt_total": 0.0,
  "slippage_usdt_total": 0.0,
  "cost_usdt_total": 0.0,
  "cost_ratio": 0.0,
  "win_rate": null,
  "profit_factor": null,
  "budget": {
    "ymd_utc": "20260217",
    "avg_equity_est": 80.64180747075875,
    "turnover_used": 269.272404615531,
    "turnover_budget_per_day": null,
    "cost_used_usdt": 0.2961996450771601,
    "cost_used_bps": 36.73028350518607,
    "cost_budget_bps_per_day": null,
    "exceeded": false,
    "reason": null,
    "fills_count_today": 19,
    "median_notional_usdt_today": 2.49347071724,
    "small_trade_ratio_today": 0.47368421052631576,
    "small_trade_notional_cutoff": 1.0
  }
}