{
  "run_id": "20260220_21",
  "start_ts": 1771617600,
  "end_ts": 1771621200,
  "window_start_ts": 1771617600,
  "window_end_ts": 1771621200,
  "avg_equity": 89.41000719485437,
  "equity_start": 109.24504956479777,
  "equity_end": 109.24663867262656,
  "total_return_pct": 1.4546268550574837e-05,
  "max_drawdown_pct": 0.8169280058132231,
  "sharpe": 41.06475728821301,
  "num_trades": 13,
  "num_round_trips": 12,
  "turnover_ratio": 0.15276672816352044,
  "fees_usdt_total": 0.008195324558540835,
  "slippage_usdt_total": 0.006829437132117362,
  "slippage_coverage": 1.0,
  "cost_usdt_total": 0.015024761690658198,
  "cost_ratio": 0.0001680434009798725,
  "win_rate": 0.3333333333333333,
  "profit_factor": 3215032659.2289,
  "budget": {
    "ymd_utc": "20260220",
    "avg_equity_est": 89.41000719485437,
    "turnover_used": 122.91356813054716,
    "turnover_budget_per_day": null,
    "cost_used_usdt": 0.13520492494351188,
    "cost_used_bps": 15.121900689355169,
    "cost_budget_bps_per_day": null,
    "exceeded": false,
    "reason": null,
    "fills_count_today": 25,
    "median_notional_usdt_today": 0.003087194458,
    "small_trade_ratio_today": 0.64,
    "small_trade_notional_cutoff": 1.0
  }
}