{
  "run_id": "20260218_09",
  "start_ts": 1771401600,
  "end_ts": 1771405200,
  "window_start_ts": 1771401600,
  "window_end_ts": 1771405200,
  "avg_equity": 80.64183931445109,
  "equity_start": 20.0,
  "equity_end": 110.96275897167664,
  "total_return_pct": 4.548137948583832,
  "max_drawdown_pct": 0.8197593482232627,
  "sharpe": 65.07166222885616,
  "num_trades": 0,
  "turnover_ratio": 0.0,
  "fees_usdt_total": 0.0,
  "slippage_usdt_total": 0.0,
  "cost_usdt_total": 0.0,
  "cost_ratio": 0.0,
  "win_rate": null,
  "profit_factor": null,
  "budget": {
    "ymd_utc": "20260218",
    "avg_equity_est": 80.64183931445109,
    "turnover_used": 0.00958980090505,
    "turnover_budget_per_day": null,
    "cost_used_usdt": 1.0548780995549998e-05,
    "cost_used_bps": 0.001308102727470856,
    "cost_budget_bps_per_day": null,
    "exceeded": false,
    "reason": null,
    "fills_count_today": 4,
    "median_notional_usdt_today": 0.001593462931,
    "small_trade_ratio_today": 1.0,
    "small_trade_notional_cutoff": 1.0
  }
}