{
  "run_id": "20260219_11",
  "start_ts": 1771495200,
  "end_ts": 1771498800,
  "window_start_ts": 1771495200,
  "window_end_ts": 1771498800,
  "avg_equity": 80.64165211175573,
  "equity_start": 20.0,
  "equity_end": 110.96247816763359,
  "total_return_pct": 4.54812390838168,
  "max_drawdown_pct": 0.8197588921023777,
  "sharpe": 65.07163413054533,
  "num_trades": 0,
  "turnover_ratio": 0.0,
  "fees_usdt_total": 0.0,
  "slippage_usdt_total": 0.0,
  "cost_usdt_total": 0.0,
  "cost_ratio": 0.0,
  "win_rate": null,
  "profit_factor": null,
  "budget": {
    "ymd_utc": "20260219",
    "avg_equity_est": 80.64165211175573,
    "turnover_used": 27.74631298692647,
    "turnover_budget_per_day": null,
    "cost_used_usdt": 0.03052094428552911,
    "cost_used_bps": 3.784761780826641,
    "cost_budget_bps_per_day": null,
    "exceeded": false,
    "reason": null,
    "fills_count_today": 4,
    "median_notional_usdt_today": 6.938098863313235,
    "small_trade_ratio_today": 0.5,
    "small_trade_notional_cutoff": 1.0
  }
}