{
  "run_id": "20260222_14",
  "start_ts": 1771765200,
  "end_ts": 1771768800,
  "window_start_ts": 1771765200,
  "window_end_ts": 1771768800,
  "avg_equity": 79.49779796857392,
  "equity_start": 20.0,
  "equity_end": 109.24669695286087,
  "total_return_pct": 4.462334847643044,
  "max_drawdown_pct": 0.8169281034773084,
  "sharpe": 64.89733500592583,
  "num_trades": 0,
  "turnover_ratio": 0.0,
  "fees_usdt_total": 0.0,
  "slippage_usdt_total": 0.0,
  "cost_usdt_total": 0.0,
  "cost_ratio": 0.0,
  "win_rate": null,
  "profit_factor": null,
  "budget": {
    "ymd_utc": "20260222",
    "avg_equity_est": 79.49779796857392,
    "turnover_used": 68.28140732528695,
    "turnover_budget_per_day": null,
    "cost_used_usdt": 0.07510954805790564,
    "cost_used_bps": 9.448003589683957,
    "cost_budget_bps_per_day": null,
    "exceeded": false,
    "reason": null,
    "fills_count_today": 9,
    "median_notional_usdt_today": 13.6556316763,
    "small_trade_ratio_today": 0.4444444444444444,
    "small_trade_notional_cutoff": 1.0
  }
}