{
  "schema_version": 1,
  "day": "20260213",
  "coverage": {
    "events_total": 26,
    "fills": 26,
    "missing_bidask": 0
  },
  "buckets": {
    "BTC/USDT|Trending|fill|ge250": {
      "count": 3,
      "spread_bps": {
        "count": 3,
        "mean": 2.0,
        "max": 2.0,
        "p50": 2.0,
        "p75": 2.0,
        "p90": 2.0,
        "p95": 2.0
      },
      "slippage_bps": {
        "count": 3,
        "mean": 3.03,
        "max": 3.55,
        "p50": 3.26,
        "p75": 3.55,
        "p90": 3.55,
        "p95": 3.55
      },
      "fee_bps": {
        "count": 3,
        "mean": 1.04,
        "max": 1.4,
        "p50": 1.03,
        "p75": 1.4,
        "p90": 1.4,
        "p95": 1.4
      },
      "cost_bps_total": {
        "count": 3,
        "mean": 4.07,
        "max": 4.95,
        "p50": 3.95,
        "p75": 4.95,
        "p90": 4.95,
        "p95": 4.95
      }
    },
    "ETH/USDT|Trending|fill|ge250": {
      "count": 3,
      "spread_bps": {
        "count": 3,
        "mean": 2.0,
        "max": 2.0,
        "p50": 2.0,
        "p75": 2.0,
        "p90": 2.0,
        "p95": 2.0
      },
      "slippage_bps": {
        "count": 3,
        "mean": 4.196666666666666,
        "max": 4.89,
        "p50": 4.38,
        "p75": 4.89,
        "p90": 4.89,
        "p95": 4.89
      },
      "fee_bps": {
        "count": 3,
        "mean": 1.09,
        "max": 1.45,
        "p50": 1.29,
        "p75": 1.45,
        "p90": 1.45,
        "p95": 1.45
      },
      "cost_bps_total": {
        "count": 3,
        "mean": 5.29,
        "max": 5.67,
        "p50": 5.43,
        "p75": 5.67,
        "p90": 5.67,
        "p95": 5.67
      }
    },
    "ETH/USDT|Sideways|fill|100_250": {
      "count": 3,
      "spread_bps": {
        "count": 3,
        "mean": 2.0,
        "max": 2.0,
        "p50": 2.0,
        "p75": 2.0,
        "p90": 2.0,
        "p95": 2.0
      },
      "slippage_bps": {
        "count": 3,
        "mean": 2.4499999999999997,
        "max": 2.84,
        "p50": 2.27,
        "p75": 2.84,
        "p90": 2.84,
        "p95": 2.84
      },
      "fee_bps": {
        "count": 3,
        "mean": 0.8533333333333332,
        "max": 1.01,
        "p50": 0.98,
        "p75": 1.01,
        "p90": 1.01,
        "p95": 1.01
      },
      "cost_bps_total": {
        "count": 3,
        "mean": 3.31,
        "max": 3.83,
        "p50": 3.29,
        "p75": 3.83,
        "p90": 3.83,
        "p95": 3.83
      }
    },
    "BNB/USDT|Sideways|fill|100_250": {
      "count": 2,
      "spread_bps": {
        "count": 2,
        "mean": 2.0,
        "max": 2.0,
        "p50": 2.0,
        "p75": 2.0,
        "p90": 2.0,
        "p95": 2.0
      },
      "slippage_bps": {
        "count": 2,
        "mean": 3.145,
        "max": 4.59,
        "p50": 1.7,
        "p75": 4.59,
        "p90": 4.59,
        "p95": 4.59
      },
      "fee_bps": {
        "count": 2,
        "mean": 1.27,
        "max": 1.49,
        "p50": 1.05,
        "p75": 1.49,
        "p90": 1.49,
        "p95": 1.49
      },
      "cost_bps_total": {
        "count": 2,
        "mean": 4.41,
        "max": 6.08,
        "p50": 2.74,
        "p75": 6.08,
        "p90": 6.08,
        "p95": 6.08
      }
    },
    "BTC/USDT|Trending|fill|100_250": {
      "count": 2,
      "spread_bps": {
        "count": 2,
        "mean": 2.0,
        "max": 2.0,
        "p50": 2.0,
        "p75": 2.0,
        "p90": 2.0,
        "p95": 2.0
      },
      "slippage_bps": {
        "count": 2,
        "mean": 3.055,
        "max": 3.49,
        "p50": 2.62,
        "p75": 3.49,
        "p90": 3.49,
        "p95": 3.49
      },
      "fee_bps": {
        "count": 2,
        "mean": 0.76,
        "max": 0.76,
        "p50": 0.76,
        "p75": 0.76,
        "p90": 0.76,
        "p95": 0.76
      },
      "cost_bps_total": {
        "count": 2,
        "mean": 3.815,
        "max": 4.25,
        "p50": 3.38,
        "p75": 4.25,
        "p90": 4.25,
        "p95": 4.25
      }
    },
    "BNB/USDT|Risk-Off|fill|ge250": {
      "count": 2,
      "spread_bps": {
        "count": 2,
        "mean": 2.0,
        "max": 2.0,
        "p50": 2.0,
        "p75": 2.0,
        "p90": 2.0,
        "p95": 2.0
      },
      "slippage_bps": {
        "count": 2,
        "mean": 3.085,
        "max": 3.64,
        "p50": 2.53,
        "p75": 3.64,
        "p90": 3.64,
        "p95": 3.64
      },
      "fee_bps": {
        "count": 2,
        "mean": 0.86,
        "max": 0.99,
        "p50": 0.73,
        "p75": 0.99,
        "p90": 0.99,
        "p95": 0.99
      },
      "cost_bps_total": {
        "count": 2,
        "mean": 3.94,
        "max": 4.63,
        "p50": 3.25,
        "p75": 4.63,
        "p90": 4.63,
        "p95": 4.63
      }
    },
    "BNB/USDT|Sideways|fill|ge250": {
      "count": 1,
      "spread_bps": {
        "count": 1,
        "mean": 2.0,
        "max": 2.0,
        "p50": 2.0,
        "p75": 2.0,
        "p90": 2.0,
        "p95": 2.0
      },
      "slippage_bps": {
        "count": 1,
        "mean": 4.9,
        "max": 4.9,
        "p50": 4.9,
        "p75": 4.9,
        "p90": 4.9,
        "p95": 4.9
      },
      "fee_bps": {
        "count": 1,
        "mean": 0.74,
        "max": 0.74,
        "p50": 0.74,
        "p75": 0.74,
        "p90": 0.74,
        "p95": 0.74
      },
      "cost_bps_total": {
        "count": 1,
        "mean": 5.64,
        "max": 5.64,
        "p50": 5.64,
        "p75": 5.64,
        "p90": 5.64,
        "p95": 5.64
      }
    },
    "SOL/USDT|Risk-Off|fill|ge250": {
      "count": 1,
      "spread_bps": {
        "count": 1,
        "mean": 2.0,
        "max": 2.0,
        "p50": 2.0,
        "p75": 2.0,
        "p90": 2.0,
        "p95": 2.0
      },
      "slippage_bps": {
        "count": 1,
        "mean": 2.85,
        "max": 2.85,
        "p50": 2.85,
        "p75": 2.85,
        "p90": 2.85,
        "p95": 2.85
      },
      "fee_bps": {
        "count": 1,
        "mean": 1.01,
        "max": 1.01,
        "p50": 1.01,
        "p75": 1.01,
        "p90": 1.01,
        "p95": 1.01
      },
      "cost_bps_total": {
        "count": 1,
        "mean": 3.86,
        "max": 3.86,
        "p50": 3.86,
        "p75": 3.86,
        "p90": 3.86,
        "p95": 3.86
      }
    },
    "ETH/USDT|Risk-Off|fill|100_250": {
      "count": 1,
      "spread_bps": {
        "count": 1,
        "mean": 2.0,
        "max": 2.0,
        "p50": 2.0,
        "p75": 2.0,
        "p90": 2.0,
        "p95": 2.0
      },
      "slippage_bps": {
        "count": 1,
        "mean": 1.29,
        "max": 1.29,
        "p50": 1.29,
        "p75": 1.29,
        "p90": 1.29,
        "p95": 1.29
      },
      "fee_bps": {
        "count": 1,
        "mean": 0.8,
        "max": 0.8,
        "p50": 0.8,
        "p75": 0.8,
        "p90": 0.8,
        "p95": 0.8
      },
      "cost_bps_total": {
        "count": 1,
        "mean": 2.09,
        "max": 2.09,
        "p50": 2.09,
        "p75": 2.09,
        "p90": 2.09,
        "p95": 2.09
      }
    },
    "BNB/USDT|Trending|fill|ge250": {
      "count": 2,
      "spread_bps": {
        "count": 2,
        "mean": 2.0,
        "max": 2.0,
        "p50": 2.0,
        "p75": 2.0,
        "p90": 2.0,
        "p95": 2.0
      },
      "slippage_bps": {
        "count": 2,
        "mean": 3.9750000000000005,
        "max": 4.73,
        "p50": 3.22,
        "p75": 4.73,
        "p90": 4.73,
        "p95": 4.73
      },
      "fee_bps": {
        "count": 2,
        "mean": 0.9850000000000001,
        "max": 1.34,
        "p50": 0.63,
        "p75": 1.34,
        "p90": 1.34,
        "p95": 1.34
      },
      "cost_bps_total": {
        "count": 2,
        "mean": 4.965,
        "max": 6.08,
        "p50": 3.85,
        "p75": 6.08,
        "p90": 6.08,
        "p95": 6.08
      }
    },
    "SOL/USDT|Trending|fill|ge250": {
      "count": 1,
      "spread_bps": {
        "count": 1,
        "mean": 2.0,