{
  "schema_version": 1,
  "day": "20260212",
  "coverage": {
    "events_total": 33,
    "fills": 33,
    "missing_bidask": 0
  },
  "buckets": {
    "ETH/USDT|Sideways|fill|ge250": {
      "count": 3,
      "spread_bps": {
        "count": 3,
        "mean": 2.0,
        "max": 2.0,
        "p50": 2.0,
        "p75": 2.0,
        "p90": 2.0,
        "p95": 2.0
      },
      "slippage_bps": {
        "count": 3,
        "mean": 2.3233333333333333,
        "max": 3.73,
        "p50": 2.61,
        "p75": 3.73,
        "p90": 3.73,
        "p95": 3.73
      },
      "fee_bps": {
        "count": 3,
        "mean": 1.2033333333333334,
        "max": 1.36,
        "p50": 1.24,
        "p75": 1.36,
        "p90": 1.36,
        "p95": 1.36
      },
      "cost_bps_total": {
        "count": 3,
        "mean": 3.526666666666667,
        "max": 5.09,
        "p50": 3.62,
        "p75": 5.09,
        "p90": 5.09,
        "p95": 5.09
      }
    },
    "BNB/USDT|Trending|fill|ge250": {
      "count": 2,
      "spread_bps": {
        "count": 2,
        "mean": 2.0,
        "max": 2.0,
        "p50": 2.0,
        "p75": 2.0,
        "p90": 2.0,
        "p95": 2.0
      },
      "slippage_bps": {
        "count": 2,
        "mean": 2.24,
        "max": 3.89,
        "p50": 0.59,
        "p75": 3.89,
        "p90": 3.89,
        "p95": 3.89
      },
      "fee_bps": {
        "count": 2,
        "mean": 1.085,
        "max": 1.44,
        "p50": 0.73,
        "p75": 1.44,
        "p90": 1.44,
        "p95": 1.44
      },
      "cost_bps_total": {
        "count": 2,
        "mean": 3.33,
        "max": 5.34,
        "p50": 1.32,
        "p75": 5.34,
        "p90": 5.34,
        "p95": 5.34
      }
    },
    "BTC/USDT|Trending|fill|ge250": {
      "count": 2,
      "spread_bps": {
        "count": 2,
        "mean": 2.0,
        "max": 2.0,
        "p50": 2.0,
        "p75": 2.0,
        "p90": 2.0,
        "p95": 2.0
      },
      "slippage_bps": {
        "count": 2,
        "mean": 1.965,
        "max": 2.91,
        "p50": 1.02,
        "p75": 2.91,
        "p90": 2.91,
        "p95": 2.91
      },
      "fee_bps": {
        "count": 2,
        "mean": 0.95,
        "max": 1.05,
        "p50": 0.85,
        "p75": 1.05,
        "p90": 1.05,
        "p95": 1.05
      },
      "cost_bps_total": {
        "count": 2,
        "mean": 2.915,
        "max": 3.96,
        "p50": 1.87,
        "p75": 3.96,
        "p90": 3.96,
        "p95": 3.96
      }
    },
    "BTC/USDT|Sideways|fill|ge250": {
      "count": 2,
      "spread_bps": {
        "count": 2,
        "mean": 2.0,
        "max": 2.0,
        "p50": 2.0,
        "p75": 2.0,
        "p90": 2.0,
        "p95": 2.0
      },
      "slippage_bps": {
        "count": 2,
        "mean": 4.595,
        "max": 4.97,
        "p50": 4.22,
        "p75": 4.97,
        "p90": 4.97,
        "p95": 4.97
      },
      "fee_bps": {
        "count": 2,
        "mean": 0.7,
        "max": 0.83,
        "p50": 0.57,
        "p75": 0.83,
        "p90": 0.83,
        "p95": 0.83
      },
      "cost_bps_total": {
        "count": 2,
        "mean": 5.295,
        "max": 5.8,
        "p50": 4.79,
        "p75": 5.8,
        "p90": 5.8,
        "p95": 5.8
      }
    },
    "SOL/USDT|Sideways|fill|ge250": {
      "count": 4,
      "spread_bps": {
        "count": 4,
        "mean": 2.0,
        "max": 2.0,
        "p50": 2.0,
        "p75": 2.0,
        "p90": 2.0,
        "p95": 2.0
      },
      "slippage_bps": {
        "count": 4,
        "mean": 3.1475,
        "max": 4.28,
        "p50": 4.25,
        "p75": 4.25,
        "p90": 4.28,
        "p95": 4.28
      },
      "fee_bps": {
        "count": 4,
        "mean": 0.685,
        "max": 1.17,
        "p50": 0.53,
        "p75": 0.53,
        "p90": 1.17,
        "p95": 1.17
      },
      "cost_bps_total": {
        "count": 4,
        "mean": 3.8299999999999996,
        "max": 5.42,
        "p50": 4.81,
        "p75": 4.81,
        "p90": 5.42,
        "p95": 5.42
      }
    },
    "SOL/USDT|Risk-Off|fill|ge250": {
      "count": 1,
      "spread_bps": {
        "count": 1,
        "mean": 2.0,
        "max": 2.0,
        "p50": 2.0,
        "p75": 2.0,
        "p90": 2.0,
        "p95": 2.0
      },
      "slippage_bps": {
        "count": 1,
        "mean": 3.85,
        "max": 3.85,
        "p50": 3.85,
        "p75": 3.85,
        "p90": 3.85,
        "p95": 3.85
      },
      "fee_bps": {
        "count": 1,
        "mean": 0.51,
        "max": 0.51,
        "p50": 0.51,
        "p75": 0.51,
        "p90": 0.51,
        "p95": 0.51
      },
      "cost_bps_total": {
        "count": 1,
        "mean": 4.37,
        "max": 4.37,
        "p50": 4.37,
        "p75": 4.37,
        "p90": 4.37,
        "p95": 4.37
      }
    },
    "BNB/USDT|Sideways|fill|ge250": {
      "count": 3,
      "spread_bps": {
        "count": 3,
        "mean": 2.0,
        "max": 2.0,
        "p50": 2.0,
        "p75": 2.0,
        "p90": 2.0,
        "p95": 2.0
      },
      "slippage_bps": {
        "count": 3,
        "mean": 3.543333333333333,
        "max": 4.69,
        "p50": 4.31,
        "p75": 4.69,
        "p90": 4.69,
        "p95": 4.69
      },
      "fee_bps": {
        "count": 3,
        "mean": 0.9266666666666667,
        "max": 1.06,
        "p50": 0.92,
        "p75": 1.06,
        "p90": 1.06,
        "p95": 1.06
      },
      "cost_bps_total": {
        "count": 3,
        "mean": 4.473333333333334,
        "max": 5.49,
        "p50": 5.38,
        "p75": 5.49,
        "p90": 5.49,
        "p95": 5.49
      }
    },
    "SOL/USDT|Trending|fill|ge250": {
      "count": 3,
      "spread_bps": {
        "count": 3,
        "mean": 2.0,
        "max": 2.0,
        "p50": 2.0,
        "p75": 2.0,
        "p90": 2.0,
        "p95": 2.0
      },
      "slippage_bps": {
        "count": 3,
        "mean": 1.6833333333333336,
        "max": 2.49,
        "p50": 1.78,
        "p75": 2.49,
        "p90": 2.49,
        "p95": 2.49
      },
      "fee_bps": {
        "count": 3,
        "mean": 0.8466666666666667,
        "max": 1.25,
        "p50": 0.76,
        "p75": 1.25,
        "p90": 1.25,
        "p95": 1.25
      },
      "cost_bps_total": {
        "count": 3,
        "mean": 2.526666666666667,
        "max": 3.73,
        "p50": 2.54,
        "p75": 3.73,
        "p90": 3.73,
        "p95": 3.73
      }
    },
    "ETH/USDT|Risk-Off|fill|25_50": {
      "count": 1,
      "spread_bps": {
        "count": 1,
        "mean": 2.0,
        "max": 2.0,
        "p50": 2.0,
        "p75": 2.0,
        "p90": 2.0,
        "p95": 2.0
      },
      "slippage_bps": {
        "count": 1,
        "mean": 1.0,
        "max": 1.0,
        "p50": 1.0,
        "p75": 1.0,
        "p90": 1.0,
        "p95": 1.0
      },
      "fee_bps": {
        "count": 1,
        "mean": 1.5,
        "max": 1.5,
        "p50": 1.5,
        "p75": 1.5,
        "p90": 1.5,
        "p95": 1.5
      },
      "cost_bps_total": {
        "count": 1,
        "mean": 2.5,
        "max": 2.5,
        "p50": 2.5,
        "p75": 2.5,
        "p90": 2.5,
        "p95": 2.5
      }
    },
    "BTC/USDT|Risk-Off|fill|lt25": {
      "count": 1,
      "spread_bps": {
        "count": 1,
        "mean": 2.0,
        "max": 2.0,
        "p50": 2.0,
        "p75": 2.0,
        "p90": 2.0,
        "p95": 2.0
      },
      "slippage_bps": {
        "count": 1,
        "mean": 4.23,
        "max": 4.23,
        "p50": 4.23,
        "p75": 4.23,
        "p90": 4.23,
        "p95": 4.23
      },
      "fee_bps": {
        "count": 1,
        "mean": 1.43,
        "max": 1.43,
        "p50": 1.43,
        "p75": 1.43,
        "p90": 1.43,
        "p95": 1.43
      },
      "cost_bps_total": {
        "count": 1,
        "mean": 5.66,
        "max": 5.66,
        "p50": 5.66,
        "p75": 5.66,
        "p90": 5.66,
        "p95": 5.66
      }
    },
    "BNB/USDT|Risk-Off|fill|25_50": {
      "count": 1,