{
  "schema_version": 1,
  "day": "20260223",
  "coverage": {
    "events_total": 14,
    "fills": 14,
    "missing_bidask": 0,
    "dropped_invalid": 3,
    "source": "okx_fill"
  },
  "buckets": {
    "WLFI/USDT|Risk-Off|fill|lt25": {
      "count": 1,
      "spread_bps": {
        "count": 1,
        "mean": 8.65426222414444,
        "max": 8.65426222414444,
        "p50": 8.65426222414444,
        "p75": 8.65426222414444,
        "p90": 8.65426222414444,
        "p95": 8.65426222414444
      },
      "slippage_bps": {
        "count": 1,
        "mean": -116.83254002596313,
        "max": -116.83254002596313,
        "p50": -116.83254002596313,
        "p75": -116.83254002596313,
        "p90": -116.83254002596313,
        "p95": -116.83254002596313
      },
      "fee_bps": {
        "count": 1,
        "mean": 10.0,
        "max": 10.0,
        "p50": 10.0,
        "p75": 10.0,
        "p90": 10.0,
        "p95": 10.0
      },
      "cost_bps_total": {
        "count": 1,
        "mean": 128.21366024518423,
        "max": 128.21366024518423,
        "p50": 128.21366024518423,
        "p75": 128.21366024518423,
        "p90": 128.21366024518423,
        "p95": 128.21366024518423
      }
    },
    "XAUT/USDT|Risk-Off|fill|lt25": {
      "count": 1,
      "spread_bps": {
        "count": 1,
        "mean": 0.1949374738042132,
        "max": 0.1949374738042132,
        "p50": 0.1949374738042132,
        "p75": 0.1949374738042132,
        "p90": 0.1949374738042132,
        "p95": 0.1949374738042132
      },
      "slippage_bps": {
        "count": 1,
        "mean": 0.4873436845131924,
        "max": 0.4873436845131924,
        "p50": 0.4873436845131924,
        "p75": 0.4873436845131924,
        "p90": 0.4873436845131924,
        "p95": 0.4873436845131924
      },
      "fee_bps": {
        "count": 1,
        "mean": 10.0,
        "max": 10.0,
        "p50": 10.0,
        "p75": 10.0,
        "p90": 10.0,
        "p95": 10.0
      },
      "cost_bps_total": {
        "count": 1,
        "mean": 10.487319935283914,
        "max": 10.487319935283914,
        "p50": 10.487319935283914,
        "p75": 10.487319935283914,
        "p90": 10.487319935283914,
        "p95": 10.487319935283914
      }
    },
    "PROMPT/USDT|Risk-Off|fill|lt25": {
      "count": 2,
      "spread_bps": {
        "count": 2,
        "mean": 1.8651496782622519,
        "max": 1.8651496782622519,
        "p50": 1.8651496782622519,
        "p75": 1.8651496782622519,
        "p90": 1.8651496782622519,
        "p95": 1.8651496782622519
      },
      "slippage_bps": {
        "count": 2,
        "mean": 2.7977245173927305,
        "max": 2.7977245173927305,
        "p50": 2.7977245173927305,
        "p75": 2.7977245173927305,
        "p90": 2.7977245173927305,
        "p95": 2.7977245173927305
      },
      "fee_bps": {
        "count": 2,
        "mean": 10.0,
        "max": 10.0,
        "p50": 9.999999999999998,
        "p75": 10.0,
        "p90": 10.0,
        "p95": 10.0
      },
      "cost_bps_total": {
        "count": 2,
        "mean": 12.7969420100692,
        "max": 12.7969420100692,
        "p50": 12.7969420100692,
        "p75": 12.7969420100692,
        "p90": 12.7969420100692,
        "p95": 12.7969420100692
      }
    },
    "BNB/USDT|Risk-Off|fill|lt25": {
      "count": 1,
      "spread_bps": {
        "count": 1,
        "mean": 1.6721009949004721,
        "max": 1.6721009949004721,
        "p50": 1.6721009949004721,
        "p75": 1.6721009949004721,
        "p90": 1.6721009949004721,
        "p95": 1.6721009949004721
      },
      "slippage_bps": {
        "count": 1,
        "mean": -0.8360504974492856,
        "max": -0.8360504974492856,
        "p50": -0.8360504974492856,
        "p75": -0.8360504974492856,
        "p90": -0.8360504974492856,
        "p95": -0.8360504974492856
      },
      "fee_bps": {
        "count": 1,
        "mean": 9.999999999999998,
        "max": 9.999999999999998,
        "p50": 9.999999999999998,
        "p75": 9.999999999999998,
        "p90": 9.999999999999998,
        "p95": 9.999999999999998
      },
      "cost_bps_total": {
        "count": 1,
        "mean": 10.83612040133703,
        "max": 10.83612040133703,
        "p50": 10.83612040133703,
        "p75": 10.83612040133703,
        "p90": 10.83612040133703,
        "p95": 10.83612040133703
      }
    },
    "BTC/USDT|Risk-Off|fill|lt25": {
      "count": 1,
      "spread_bps": {
        "count": 1,
        "mean": 0.01546095683201049,
        "max": 0.01546095683201049,
        "p50": 0.01546095683201049,
        "p75": 0.01546095683201049,
        "p90": 0.01546095683201049,
        "p95": 0.01546095683201049
      },
      "slippage_bps": {
        "count": 1,
        "mean": 1.1673022408331033,
        "max": 1.1673022408331033,
        "p50": 1.1673022408331033,
        "p75": 1.1673022408331033,
        "p90": 1.1673022408331033,
        "p95": 1.1673022408331033
      },
      "fee_bps": {
        "count": 1,
        "mean": 10.0,
        "max": 10.0,
        "p50": 10.0,
        "p75": 10.0,
        "p90": 10.0,
        "p95": 10.0
      },
      "cost_bps_total": {
        "count": 1,
        "mean": 11.167165997284696,
        "max": 11.167165997284696,
        "p50": 11.167165997284696,
        "p75": 11.167165997284696,
        "p90": 11.167165997284696,
        "p95": 11.167165997284696
      }
    },
    "DOT/USDT|Risk-Off|fill|lt25": {
      "count": 5,
      "spread_bps": {
        "count": 5,
        "mean": 7.883326763893495,
        "max": 7.883326763893495,
        "p50": 7.883326763893495,
        "p75": 7.883326763893495,
        "p90": 7.883326763893495,
        "p95": 7.883326763893495
      },
      "slippage_bps": {
        "count": 5,
        "mean": 3.9416633819467477,
        "max": 3.9416633819467477,
        "p50": 3.9416633819467477,
        "p75": 3.9416633819467477,
        "p90": 3.9416633819467477,
        "p95": 3.9416633819467477
      },
      "fee_bps": {
        "count": 5,
        "mean": 10.0,
        "max": 10.0,
        "p50": 10.0,
        "p75": 10.0,
        "p90": 10.0,
        "p95": 10.0
      },
      "cost_bps_total": {
        "count": 5,
        "mean": 13.940110323088613,
        "max": 13.940110323088613,
        "p50": 13.940110323088613,
        "p75": 13.940110323088613,
        "p90": 13.940110323088613,
        "p95": 13.940110323088613
      }
    },
    "ETC/USDT|Risk-Off|fill|lt25": {
      "count": 2,
      "spread_bps": {
        "count": 2,
        "mean": 1.193388627007843,
        "max": 1.193388627007843,
        "p50": 1.193388627007843,
        "p75": 1.193388627007843,
        "p90": 1.193388627007843,
        "p95": 1.193388627007843
      },
      "slippage_bps": {
        "count": 2,
        "mean": -0.5966943135039215,
        "max": -0.5966943135039215,
        "p50": -0.5966943135039215,
        "p75": -0.5966943135039215,
        "p90": -0.5966943135039215,
        "p95": -0.5966943135039215
      },
      "fee_bps": {
        "count": 2,
        "mean": 10.0,
        "max": 10.0,
        "p50": 9.999999999999998,
        "p75": 10.0,
        "p90": 10.0,
        "p95": 10.0
      },
      "cost_bps_total": {
        "count": 2,
        "mean": 10.59672992003892,
        "max": 10.59672992003892,
        "p50": 10.59672992003892,
        "p75": 10.59672992003892,
        "p90": 10.59672992003892,
        "p95": 10.59672992003892
      }
    },
    "SOL/USDT|Risk-Off|fill|lt25": {
      "count": 1,
      "spread_bps": {
        "count": 1,
        "mean": 1.2716983531512835,
        "max": 1.2716983531512835,
        "p50": 1.2716983531512835,
        "p75": 1.2716983531512835,
        "p90": 1.2716983531512835,
        "p95": 1.2716983531512835
      },
      "slippage_bps": {
        "count": 1,
        "mean": -3.179245882875498,
        "max": -3.179245882875498,
        "p50": -3.179245882875498,
        "p75": -3.179245882875498,
        "p90": -3.179245882875498,