{
  "run_id": "20260221_03",
  "start_ts": 1771639200,
  "end_ts": 1771642800,
  "window_start_ts": 1771639200,
  "window_end_ts": 1771642800,
  "avg_equity": 89.4100086157454,
  "equity_start": 109.2450410992049,
  "equity_end": 109.24665421577268,
  "total_return_pct": 1.4766039277747112e-05,
  "max_drawdown_pct": 0.8169280318599225,
  "sharpe": 41.064759171697524,
  "num_trades": 13,
  "num_round_trips": 12,
  "turnover_ratio": 0.15276661921757706,
  "fees_usdt_total": 0.008195318844265118,
  "slippage_usdt_total": 0.00682943237022093,
  "slippage_coverage": 1.0,
  "cost_usdt_total": 0.015024751214486048,
  "cost_ratio": 0.00016804328113933478,
  "win_rate": 0.3333333333333333,
  "profit_factor": 3206673878.5178003,
  "budget": {
    "ymd_utc": "20260221",
    "avg_equity_est": 89.4100086157454,
    "turnover_used": 27.31772450391185,
    "turnover_budget_per_day": null,
    "cost_used_usdt": 0.03004949695430304,
    "cost_used_bps": 3.3608650104761564,
    "cost_budget_bps_per_day": null,
    "exceeded": false,
    "reason": null,
    "fills_count_today": 10,
    "median_notional_usdt_today": 5.722001172675e-05,
    "small_trade_ratio_today": 0.8,
    "small_trade_notional_cutoff": 1.0
  }
}