{
  "run_id": "20260219_17",
  "start_ts": 1771516800,
  "end_ts": 1771520400,
  "window_start_ts": 1771516800,
  "window_end_ts": 1771520400,
  "avg_equity": 80.64143436620111,
  "equity_start": 20.0,
  "equity_end": 110.96215154930168,
  "total_return_pct": 4.548107577465084,
  "max_drawdown_pct": 0.8197583615606644,
  "sharpe": 65.07160144771075,
  "num_trades": 0,
  "turnover_ratio": 0.0,
  "fees_usdt_total": 0.0,
  "slippage_usdt_total": 0.0,
  "cost_usdt_total": 0.0,
  "cost_ratio": 0.0,
  "win_rate": null,
  "profit_factor": null,
  "budget": {
    "ymd_utc": "20260219",
    "avg_equity_est": 80.64143436620111,
    "turnover_used": 41.61945989691247,
    "turnover_budget_per_day": null,
    "cost_used_usdt": 0.04578140588647371,
    "cost_used_bps": 5.677156693242285,
    "cost_budget_bps_per_day": null,
    "exceeded": false,
    "reason": null,
    "fills_count_today": 6,
    "median_notional_usdt_today": 6.9380924798632355,
    "small_trade_ratio_today": 0.5,
    "small_trade_notional_cutoff": 1.0
  }
}