{
  "run_id": "20260217_13",
  "start_ts": 1771329600,
  "end_ts": 1771333200,
  "window_start_ts": 1771329600,
  "window_end_ts": 1771333200,
  "avg_equity": 112.78839119098173,
  "equity_start": 112.78839121487964,
  "equity_end": 112.78839114318593,
  "total_return_pct": -6.356478676750044e-10,
  "max_drawdown_pct": 6.356478676750044e-10,
  "sharpe": -93.301308776187,
  "num_trades": 2,
  "num_round_trips": 2,
  "turnover_ratio": 5.778617578615779e-07,
  "fees_usdt_total": 3.91056588e-08,
  "slippage_usdt_total": 3.2588049e-08,
  "slippage_coverage": 1.0,
  "cost_usdt_total": 7.169370779999999e-08,
  "cost_ratio": 6.356479336477356e-10,
  "win_rate": 1.0,
  "profit_factor": 65104404.2922,
  "budget": {
    "ymd_utc": "20260217",
    "avg_equity_est": 112.78839119098173,
    "turnover_used": 164.57306955935618,
    "turnover_budget_per_day": null,
    "cost_used_usdt": 0.18103037651533782,
    "cost_used_bps": 16.05044407529527,
    "cost_budget_bps_per_day": null,
    "exceeded": false,
    "reason": null,
    "fills_count_today": 11,
    "median_notional_usdt_today": 2.49347071724,
    "small_trade_ratio_today": 0.5454545454545454,
    "small_trade_notional_cutoff": 25.0
  }
}