{
  "run_id": "20260221_14",
  "start_ts": 1771678800,
  "end_ts": 1771682400,
  "window_start_ts": 1771678800,
  "window_end_ts": 1771682400,
  "avg_equity": 89.41022135042795,
  "equity_start": 109.24506686866235,
  "equity_end": 109.24670848531329,
  "total_return_pct": 1.5026917901117542e-05,
  "max_drawdown_pct": 0.8169281228029975,
  "sharpe": 41.064780357788166,
  "num_trades": 1,
  "num_round_trips": 0,
  "turnover_ratio": 0.1527301146596998,
  "fees_usdt_total": 0.00819338001515,
  "slippage_usdt_total": 0.00682781667929,
  "slippage_coverage": 1.0,
  "cost_usdt_total": 0.015021196694439999,
  "cost_ratio": 0.0001680031261254461,
  "win_rate": null,
  "profit_factor": null,
  "budget": {
    "ymd_utc": "20260221",
    "avg_equity_est": 89.41022135042795,
    "turnover_used": 54.62898892611185,
    "turnover_budget_per_day": null,
    "cost_used_usdt": 0.06009188781868304,
    "cost_used_bps": 6.720919254093248,
    "cost_budget_bps_per_day": null,
    "exceeded": false,
    "reason": null,
    "fills_count_today": 12,
    "median_notional_usdt_today": 0.0015955058514308,
    "small_trade_ratio_today": 0.6666666666666666,
    "small_trade_notional_cutoff": 1.0
  }
}