{
  "run_id": "20260218_19",
  "start_ts": 1771437600,
  "end_ts": 1771441200,
  "window_start_ts": 1771437600,
  "window_end_ts": 1771441200,
  "avg_equity": 80.64165679922905,
  "equity_start": 20.0,
  "equity_end": 110.96248519884357,
  "total_return_pct": 4.5481242599421785,
  "max_drawdown_pct": 0.8197589035234727,
  "sharpe": 65.07163483411638,
  "num_trades": 0,
  "turnover_ratio": 0.0,
  "fees_usdt_total": 0.0,
  "slippage_usdt_total": 0.0,
  "cost_usdt_total": 0.0,
  "cost_ratio": 0.0,
  "win_rate": null,
  "profit_factor": null,
  "budget": {
    "ymd_utc": "20260218",
    "avg_equity_est": 80.64165679922905,
    "turnover_used": 13.88903901833399,
    "turnover_budget_per_day": null,
    "cost_used_usdt": 0.01527794292014738,
    "cost_used_bps": 1.8945472509554686,
    "cost_budget_bps_per_day": null,
    "exceeded": false,
    "reason": null,
    "fills_count_today": 8,
    "median_notional_usdt_today": 0.003157163885,
    "small_trade_ratio_today": 0.875,
    "small_trade_notional_cutoff": 1.0
  }
}