{
  "run_id": "20260220_14",
  "start_ts": 1771592400,
  "end_ts": 1771596000,
  "window_start_ts": 1771592400,
  "window_end_ts": 1771596000,
  "avg_equity": 89.41008342162323,
  "equity_start": 109.24498766891378,
  "equity_end": 109.24645928951416,
  "total_return_pct": 1.3470829479445001e-05,
  "max_drawdown_pct": 0.8169277052082944,
  "sharpe": 41.0647493084673,
  "num_trades": 5,
  "num_round_trips": 4,
  "turnover_ratio": 0.15276581911842227,
  "fees_usdt_total": 0.008195282778820444,
  "slippage_usdt_total": 0.00682940231568537,
  "slippage_coverage": 1.0,
  "cost_usdt_total": 0.015024685094505814,
  "cost_ratio": 0.0001680424010304882,
  "win_rate": 0.75,
  "profit_factor": 13180.752602227214,
  "budget": {
    "ymd_utc": "20260220",
    "avg_equity_est": 89.41008342162323,
    "turnover_used": 81.93694219285074,
    "turnover_budget_per_day": null,
    "cost_used_usdt": 0.09013063641211581,
    "cost_used_bps": 10.080589678805548,
    "cost_budget_bps_per_day": null,
    "exceeded": false,
    "reason": null,
    "fills_count_today": 10,
    "median_notional_usdt_today": 13.655624006,
    "small_trade_ratio_today": 0.4,
    "small_trade_notional_cutoff": 1.0
  }
}