{
  "run_id": "20260222_15",
  "start_ts": 1771768800,
  "end_ts": 1771772400,
  "window_start_ts": 1771768800,
  "window_end_ts": 1771772400,
  "avg_equity": 101.76189256066051,
  "equity_start": 109.24501596962888,
  "equity_end": 105.66616292493246,
  "total_return_ratio": -0.0327598747909138,
  "total_return_pct": -3.27598747909138,
  "max_drawdown_pct": 81.6928067788636,
  "sharpe": 19.422542114079025,
  "num_trades": 4,
  "num_round_trips": 4,
  "turnover_ratio": 3.153905047447919e-05,
  "fees_usdt_total": 1.9256840795095e-06,
  "slippage_usdt_total": 1.6047367329246e-06,
  "slippage_coverage": 1.0,
  "cost_usdt_total": 3.5304208124341e-06,
  "cost_ratio": 3.4692955521926906e-08,
  "win_rate": 0.5,
  "profit_factor": 7826.458275833757,
  "budget": {
    "ymd_utc": "20260222",
    "avg_equity_est": 101.76189256066051,
    "turnover_used": 68.2846167987528,
    "turnover_budget_per_day": null,
    "cost_used_usdt": 0.07511307847871806,
    "cost_used_bps": 7.381258012073919,
    "cost_budget_bps_per_day": null,
    "exceeded": false,
    "reason": null,
    "fills_count_today": 13,
    "median_notional_usdt_today": 0.003113835036,
    "small_trade_ratio_today": 0.6153846153846154,
    "small_trade_notional_cutoff": 1.0
  }
}