{
  "run_id": "20260223_04",
  "start_ts": 1771815600,
  "end_ts": 1771819200,
  "window_start_ts": 1771815600,
  "window_end_ts": 1771819200,
  "avg_equity": 104.55346136580962,
  "equity_start": 102.28322599580964,
  "equity_end": 105.68857905080965,
  "total_return_ratio": 0.03329336772326208,
  "total_return_pct": 3.329336772326208,
  "max_drawdown_pct": 0.0,
  "sharpe": 35.375536338001446,
  "num_trades": 0,
  "turnover_ratio": 0.0,
  "fees_usdt_total": 0.0,
  "slippage_usdt_total": 0.0,
  "cost_usdt_total": 0.0,
  "cost_ratio": 0.0,
  "win_rate": null,
  "profit_factor": null,
  "budget": {
    "ymd_utc": "20260223",
    "avg_equity_est": 104.55346136580962,
    "turnover_used": 0.0037330507303789,
    "turnover_budget_per_day": null,
    "cost_used_usdt": 4.1063558034169e-06,
    "cost_used_bps": 0.00039275177978562203,
    "cost_budget_bps_per_day": null,
    "exceeded": false,
    "reason": null,
    "fills_count_today": 5,
    "median_notional_usdt_today": 6.84535736109e-05,
    "small_trade_ratio_today": 1.0,
    "small_trade_notional_cutoff": 1.0
  },
  "exit_signals": []
}