{
  "run_id": "20260225_03",
  "start_ts": 1771984800,
  "end_ts": 1771988400,
  "window_start_ts": 1771984800,
  "window_end_ts": 1771988400,
  "avg_equity": 109.07169382126297,
  "equity_start": 108.69833306411216,
  "equity_end": 112.05857987846943,
  "total_return_ratio": 0.03091350823545147,
  "total_return_pct": 3.091350823545147,
  "max_drawdown_pct": 0.0,
  "sharpe": 35.37553633775411,
  "num_trades": 0,
  "turnover_ratio": 0.0,
  "fees_usdt_total": 0.0,
  "slippage_usdt_total": 0.0,
  "cost_usdt_total": 0.0,
  "cost_ratio": 0.0,
  "win_rate": null,
  "profit_factor": null,
  "budget": {
    "ymd_utc": "20260225",
    "avg_equity_est": 109.07169382126297,
    "turnover_used": 7.198911486,
    "turnover_budget_per_day": null,
    "cost_used_usdt": 0.0078324260760004,
    "cost_used_bps": 0.7180988762158115,
    "cost_budget_bps_per_day": null,
    "exceeded": false,
    "reason": null,
    "fills_count_today": 2,
    "median_notional_usdt_today": 3.599455743,
    "small_trade_ratio_today": 0.0,
    "small_trade_notional_cutoff": 0.0
  },
  "exit_signals": []
}