{
  "run_id": "20260220_18",
  "start_ts": 1771606800,
  "end_ts": 1771610400,
  "window_start_ts": 1771606800,
  "window_end_ts": 1771610400,
  "avg_equity": 79.49773579199065,
  "equity_start": 20.0,
  "equity_end": 109.24660368798598,
  "total_return_pct": 4.462330184399299,
  "max_drawdown_pct": 0.8169279471870718,
  "sharpe": 64.89732538745064,
  "num_trades": 0,
  "turnover_ratio": 0.0,
  "fees_usdt_total": 0.0,
  "slippage_usdt_total": 0.0,
  "cost_usdt_total": 0.0,
  "cost_ratio": 0.0,
  "win_rate": null,
  "profit_factor": null,
  "budget": {
    "ymd_utc": "20260220",
    "avg_equity_est": 79.49773579199065,
    "turnover_used": 95.59581121263871,
    "turnover_budget_per_day": null,
    "cost_used_usdt": 0.10515539233386258,
    "cost_used_bps": 13.227470101665073,
    "cost_budget_bps_per_day": null,
    "exceeded": false,
    "reason": null,
    "fills_count_today": 15,
    "median_notional_usdt_today": 0.00314203989,
    "small_trade_ratio_today": 0.5333333333333333,
    "small_trade_notional_cutoff": 1.0
  }
}