{
  "run_id": "20260218_22",
  "start_ts": 1771448400,
  "end_ts": 1771452000,
  "window_start_ts": 1771448400,
  "window_end_ts": 1771452000,
  "avg_equity": 80.64165900427076,
  "equity_start": 20.0,
  "equity_end": 110.96248850640616,
  "total_return_pct": 4.548124425320308,
  "max_drawdown_pct": 0.8197589088960875,
  "sharpe": 65.07163516508433,
  "num_trades": 0,
  "turnover_ratio": 0.0,
  "fees_usdt_total": 0.0,
  "slippage_usdt_total": 0.0,
  "cost_usdt_total": 0.0,
  "cost_ratio": 0.0,
  "win_rate": null,
  "profit_factor": null,
  "budget": {
    "ymd_utc": "20260218",
    "avg_equity_est": 80.64165900427076,
    "turnover_used": 27.768345041442352,
    "turnover_budget_per_day": null,
    "cost_used_usdt": 0.03054517954560658,
    "cost_used_bps": 3.78776676010459,
    "cost_budget_bps_per_day": null,
    "exceeded": false,
    "reason": null,
    "fills_count_today": 13,
    "median_notional_usdt_today": 0.003151441508,
    "small_trade_ratio_today": 0.8461538461538461,
    "small_trade_notional_cutoff": 1.0
  }
}