{
  "run_id": "20260220_16",
  "start_ts": 1771599600,
  "end_ts": 1771603200,
  "window_start_ts": 1771599600,
  "window_end_ts": 1771603200,
  "avg_equity": 79.49775491411015,
  "equity_start": 20.0,
  "equity_end": 109.2466323711652,
  "total_return_pct": 4.46233161855826,
  "max_drawdown_pct": 0.8169279952534368,
  "sharpe": 64.8973283455697,
  "num_trades": 0,
  "turnover_ratio": 0.0,
  "fees_usdt_total": 0.0,
  "slippage_usdt_total": 0.0,
  "cost_usdt_total": 0.0,
  "cost_ratio": 0.0,
  "win_rate": null,
  "profit_factor": null,
  "budget": {
    "ymd_utc": "20260220",
    "avg_equity_est": 79.49775491411015,
    "turnover_used": 81.93694219285074,
    "turnover_budget_per_day": null,
    "cost_used_usdt": 0.09013063641211581,
    "cost_used_bps": 11.337507142119108,
    "cost_budget_bps_per_day": null,
    "exceeded": false,
    "reason": null,
    "fills_count_today": 10,
    "median_notional_usdt_today": 13.655624006,
    "small_trade_ratio_today": 0.4,
    "small_trade_notional_cutoff": 1.0
  }
}