{
  "run_id": "20260217_02",
  "start_ts": 1771290000,
  "end_ts": 1771293600,
  "window_start_ts": 1771290000,
  "window_end_ts": 1771293600,
  "avg_equity": 89.45135987112249,
  "equity_start": 122.05625654410974,
  "equity_end": 112.89832974577342,
  "total_return_pct": -0.0750303758089349,
  "max_drawdown_pct": 0.8745281400099271,
  "sharpe": 46.95450075197692,
  "num_trades": 3,
  "num_round_trips": 2,
  "turnover_ratio": 1.178630247310929,
  "fees_usdt_total": 0.00499861317,
  "slippage_usdt_total": 0.052715039203599996,
  "slippage_coverage": 1.0,
  "cost_usdt_total": 0.00499861317,
  "cost_ratio": 4.095335471962109e-05,
  "win_rate": 0.5,
  "profit_factor": 223.45127210191353,
  "budget": {
    "ymd_utc": "20260217",
    "avg_equity_est": 89.45135987112249,
    "turnover_used": 162.0794460456,
    "turnover_budget_per_day": null,
    "cost_used_usdt": 0.1782873906502,
    "cost_used_bps": 19.93121076158803,
    "cost_budget_bps_per_day": null,
    "exceeded": false,
    "reason": null,
    "fills_count_today": 5,
    "median_notional_usdt_today": 30.514064136,
    "small_trade_ratio_today": 0.0,
    "small_trade_notional_cutoff": 2.0
  }
}