{
  "run_id": "20260222_04",
  "start_ts": 1771729200,
  "end_ts": 1771732800,
  "window_start_ts": 1771729200,
  "window_end_ts": 1771732800,
  "avg_equity": 79.49773321462636,
  "equity_start": 20.0,
  "equity_end": 109.24659982193955,
  "total_return_pct": 4.462329991096977,
  "max_drawdown_pct": 0.8169279407084715,
  "sharpe": 64.89732498874207,
  "num_trades": 0,
  "turnover_ratio": 0.0,
  "fees_usdt_total": 0.0,
  "slippage_usdt_total": 0.0,
  "cost_usdt_total": 0.0,
  "cost_ratio": 0.0,
  "win_rate": null,
  "profit_factor": null,
  "budget": {
    "ymd_utc": "20260222",
    "avg_equity_est": 79.49773321462636,
    "turnover_used": 13.655704410234945,
    "turnover_budget_per_day": null,
    "cost_used_usdt": 0.015021274851208442,
    "cost_used_bps": 1.8895224107402293,
    "cost_budget_bps_per_day": null,
    "exceeded": false,
    "reason": null,
    "fills_count_today": 3,
    "median_notional_usdt_today": 5.75885187447e-05,
    "small_trade_ratio_today": 0.6666666666666666,
    "small_trade_notional_cutoff": 1.0
  }
}