{
  "run_id": "20260219_22",
  "start_ts": 1771534800,
  "end_ts": 1771538400,
  "window_start_ts": 1771534800,
  "window_end_ts": 1771538400,
  "avg_equity": 89.40992706400507,
  "equity_start": 109.24501086880962,
  "equity_end": 109.24644984280535,
  "total_return_pct": 1.3171988215265884e-05,
  "max_drawdown_pct": 0.8169276893777511,
  "sharpe": 41.06473497824765,
  "num_trades": 13,
  "num_round_trips": 12,
  "turnover_ratio": 0.15276637818380898,
  "fees_usdt_total": 0.008195298438747946,
  "slippage_usdt_total": 0.006829415365623288,
  "slippage_coverage": 1.0,
  "cost_usdt_total": 0.015024713804371235,
  "cost_ratio": 0.00016804301600218988,
  "win_rate": 0.25,
  "profit_factor": 70722.62708606945,
  "budget": {
    "ymd_utc": "20260219",
    "avg_equity_est": 89.40992706400507,
    "turnover_used": 82.81650089927868,
    "turnover_budget_per_day": null,
    "cost_used_usdt": 0.09109815098915655,
    "cost_used_bps": 10.188818398648614,
    "cost_budget_bps_per_day": null,
    "exceeded": false,
    "reason": null,
    "fills_count_today": 21,
    "median_notional_usdt_today": 0.00309598952,
    "small_trade_ratio_today": 0.7142857142857143,
    "small_trade_notional_cutoff": 1.0
  }
}