{
  "run_id": "20260222_16",
  "start_ts": 1771772400,
  "end_ts": 1771776000,
  "window_start_ts": 1771772400,
  "window_end_ts": 1771776000,
  "avg_equity": 104.91142730047495,
  "equity_start": 102.04514092481215,
  "equity_end": 102.05240310920722,
  "total_return_ratio": 7.11663909644944e-05,
  "total_return_pct": 0.00711663909644944,
  "max_drawdown_pct": 6.560322867070378,
  "sharpe": 1.217667380088328,
  "num_trades": 0,
  "turnover_ratio": 0.0,
  "fees_usdt_total": 0.0,
  "slippage_usdt_total": 0.0,
  "cost_usdt_total": 0.0,
  "cost_ratio": 0.0,
  "win_rate": null,
  "profit_factor": null,
  "budget": {
    "ymd_utc": "20260222",
    "avg_equity_est": 104.91142730047495,
    "turnover_used": 68.2846167987528,
    "turnover_budget_per_day": null,
    "cost_used_usdt": 0.07511307847871806,
    "cost_used_bps": 7.159666054641315,
    "cost_budget_bps_per_day": null,
    "exceeded": false,
    "reason": null,
    "fills_count_today": 13,
    "median_notional_usdt_today": 0.003113835036,
    "small_trade_ratio_today": 0.6153846153846154,
    "small_trade_notional_cutoff": 1.0
  }
}