{
  "run_id": "20260218_20",
  "start_ts": 1771441200,
  "end_ts": 1771444800,
  "window_start_ts": 1771441200,
  "window_end_ts": 1771444800,
  "avg_equity": 90.74436654756157,
  "equity_start": 110.9606186466954,
  "equity_end": 110.96245293817447,
  "total_return_pct": 1.6531013448117804e-05,
  "max_drawdown_pct": 0.8197588511210769,
  "sharpe": 41.25915795153627,
  "num_trades": 13,
  "num_round_trips": 12,
  "turnover_ratio": 0.15294950586088274,
  "fees_usdt_total": 0.00832758361388502,
  "slippage_usdt_total": 0.00693965301157418,
  "slippage_coverage": 1.0,
  "cost_usdt_total": 0.0152672366254592,
  "cost_ratio": 0.00016824445644741186,
  "win_rate": 0.25,
  "profit_factor": 38369.92027010119,
  "budget": {
    "ymd_utc": "20260218",
    "avg_equity_est": 90.74436654756157,
    "turnover_used": 27.768345041442352,
    "turnover_budget_per_day": null,
    "cost_used_usdt": 0.03054517954560658,
    "cost_used_bps": 3.3660689591785324,
    "cost_budget_bps_per_day": null,
    "exceeded": false,
    "reason": null,
    "fills_count_today": 13,
    "median_notional_usdt_today": 0.003151441508,
    "small_trade_ratio_today": 0.8461538461538461,
    "small_trade_notional_cutoff": 1.0
  }
}