{
  "run_id": "20260221_15",
  "start_ts": 1771682400,
  "end_ts": 1771686000,
  "window_start_ts": 1771682400,
  "window_end_ts": 1771686000,
  "avg_equity": 89.41023418103603,
  "equity_start": 109.24507702539582,
  "equity_end": 109.24672973732972,
  "total_return_pct": 1.5128479734727307e-05,
  "max_drawdown_pct": 0.8169281584163889,
  "sharpe": 41.06478294472589,
  "num_trades": 1,
  "num_round_trips": 0,
  "turnover_ratio": 0.15273010694223602,
  "fees_usdt_total": 0.0081933807769,
  "slippage_usdt_total": 0.00682781731409,
  "slippage_coverage": 1.0,
  "cost_usdt_total": 0.01502119809099,
  "cost_ratio": 0.0001680031176361241,
  "win_rate": null,
  "profit_factor": null,
  "budget": {
    "ymd_utc": "20260221",
    "avg_equity_est": 89.41023418103603,
    "turnover_used": 68.28462355431185,
    "turnover_budget_per_day": null,
    "cost_used_usdt": 0.07511308590967304,
    "cost_used_bps": 8.400949465984574,
    "cost_budget_bps_per_day": null,
    "exceeded": false,
    "reason": null,
    "fills_count_today": 13,
    "median_notional_usdt_today": 0.00313365984,
    "small_trade_ratio_today": 0.6153846153846154,
    "small_trade_notional_cutoff": 1.0
  }
}