{
  "run_id": "20260221_20",
  "start_ts": 1771700400,
  "end_ts": 1771704000,
  "window_start_ts": 1771700400,
  "window_end_ts": 1771704000,
  "avg_equity": 89.41020431924335,
  "equity_start": 109.24507857425203,
  "equity_end": 109.24666138676051,
  "total_return_pct": 1.448863902275832e-05,
  "max_drawdown_pct": 0.8169280438768285,
  "sharpe": 41.064774183638,
  "num_trades": 1,
  "num_round_trips": 0,
  "turnover_ratio": 0.15273016011731627,
  "fees_usdt_total": 0.00819338089307,
  "slippage_usdt_total": 0.00682781741089,
  "slippage_coverage": 1.0,
  "cost_usdt_total": 0.015021198303959999,
  "cost_ratio": 0.0001680031761288242,
  "win_rate": null,
  "profit_factor": null,
  "budget": {
    "ymd_utc": "20260221",
    "avg_equity_est": 89.41020431924335,
    "turnover_used": 109.25155208531186,
    "turnover_budget_per_day": null,
    "cost_used_usdt": 0.12017670729377303,
    "cost_used_bps": 13.441050516412693,
    "cost_budget_bps_per_day": null,
    "exceeded": false,
    "reason": null,
    "fills_count_today": 17,
    "median_notional_usdt_today": 0.003137666302,
    "small_trade_ratio_today": 0.5294117647058824,
    "small_trade_notional_cutoff": 1.0
  }
}