{
  "run_id": "20260221_19",
  "start_ts": 1771696800,
  "end_ts": 1771700400,
  "window_start_ts": 1771696800,
  "window_end_ts": 1771700400,
  "avg_equity": 79.4977794612497,
  "equity_start": 20.0,
  "equity_end": 109.24666919187457,
  "total_return_pct": 4.4623334595937285,
  "max_drawdown_pct": 0.8169280569563805,
  "sharpe": 64.89733214291655,
  "num_trades": 0,
  "turnover_ratio": 0.0,
  "fees_usdt_total": 0.0,
  "slippage_usdt_total": 0.0,
  "cost_usdt_total": 0.0,
  "cost_ratio": 0.0,
  "win_rate": null,
  "profit_factor": null,
  "budget": {
    "ymd_utc": "20260221",
    "avg_equity_est": 79.4977794612497,
    "turnover_used": 95.59591726351185,
    "turnover_budget_per_day": null,
    "cost_used_usdt": 0.10515550898981303,
    "cost_used_bps": 13.227477509742254,
    "cost_budget_bps_per_day": null,
    "exceeded": false,
    "reason": null,
    "fills_count_today": 16,
    "median_notional_usdt_today": 0.003135663071,
    "small_trade_ratio_today": 0.5625,
    "small_trade_notional_cutoff": 1.0
  }
}