{
  "run_id": "20260220_06",
  "start_ts": 1771563600,
  "end_ts": 1771567200,
  "window_start_ts": 1771563600,
  "window_end_ts": 1771567200,
  "avg_equity": 89.41015257409394,
  "equity_start": 109.24502242747262,
  "equity_end": 109.24658706639877,
  "total_return_pct": 1.4322290310175845e-05,
  "max_drawdown_pct": 0.8169279193331299,
  "sharpe": 41.064765402719516,
  "num_trades": 1,
  "num_round_trips": 0,
  "turnover_ratio": 0.1527301700115501,
  "fees_usdt_total": 0.00819337668206,
  "slippage_usdt_total": 0.00682781390172,
  "slippage_coverage": 1.0,
  "cost_usdt_total": 0.01502119058378,
  "cost_ratio": 0.00016800318701315248,
  "win_rate": null,
  "profit_factor": null,
  "budget": {
    "ymd_utc": "20260220",
    "avg_equity_est": 89.41015257409394,
    "turnover_used": 40.9668800716,
    "turnover_budget_per_day": null,
    "cost_used_usdt": 0.04506356807879,
    "cost_used_bps": 5.040095199641445,
    "cost_budget_bps_per_day": null,
    "exceeded": false,
    "reason": null,
    "fills_count_today": 3,
    "median_notional_usdt_today": 13.6556277148,
    "small_trade_ratio_today": 0.0,
    "small_trade_notional_cutoff": 1.0
  }
}