{
  "run_id": "20260221_23",
  "start_ts": 1771711200,
  "end_ts": 1771714800,
  "window_start_ts": 1771711200,
  "window_end_ts": 1771714800,
  "avg_equity": 79.49774004631452,
  "equity_start": 20.0,
  "equity_end": 109.24661006947177,
  "total_return_pct": 4.462330503473589,
  "max_drawdown_pct": 0.8169279578809662,
  "sharpe": 64.89732604557847,
  "num_trades": 0,
  "turnover_ratio": 0.0,
  "fees_usdt_total": 0.0,
  "slippage_usdt_total": 0.0,
  "cost_usdt_total": 0.0,
  "cost_ratio": 0.0,
  "win_rate": null,
  "profit_factor": null,
  "budget": {
    "ymd_utc": "20260221",
    "avg_equity_est": 79.49774004631452,
    "turnover_used": 122.90718562531185,
    "turnover_budget_per_day": null,
    "cost_used_usdt": 0.13519790418779304,
    "cost_used_bps": 17.006509129571256,
    "cost_budget_bps_per_day": null,
    "exceeded": false,
    "reason": null,
    "fills_count_today": 18,
    "median_notional_usdt_today": 6.829383625351,
    "small_trade_ratio_today": 0.5,
    "small_trade_notional_cutoff": 1.0
  }
}