{
  "run_id": "last24h_20260217_16",
  "start_ts": 1771257600,
  "end_ts": 1771344000,
  "window_start_ts": 1771257600,
  "window_end_ts": 1771344000,
  "avg_equity": 99.13152136766239,
  "equity_start": 112.52982457915213,
  "equity_end": 112.56466746371503,
  "total_return_pct": 0.00030963244360515674,
  "max_drawdown_pct": 0.8745281400099271,
  "sharpe": 31.283150104309488,
  "num_trades": 25,
  "num_round_trips": 18,
  "turnover_ratio": 4.197407212273353,
  "fees_usdt_total": 0.24965721765145973,
  "slippage_usdt_total": 0.20804768137617805,
  "slippage_coverage": 1.0,
  "cost_usdt_total": 0.4577048990276378,
  "cost_ratio": 0.004617147933502263,
  "win_rate": 0.6111111111111112,
  "profit_factor": 34.57591486171666
}