{
  "run_id": "20260217_14",
  "start_ts": 1771333200,
  "end_ts": 1771336800,
  "window_start_ts": 1771333200,
  "window_end_ts": 1771336800,
  "avg_equity": 89.5764672675241,
  "equity_start": 104.52998561483322,
  "equity_end": 113.15674857731534,
  "total_return_pct": 0.0825290744253,
  "max_drawdown_pct": 0.8232540237197181,
  "sharpe": 41.60674693578347,
  "num_trades": 1,
  "num_round_trips": 0,
  "turnover_ratio": 0.29173394755180665,
  "fees_usdt_total": 0.0156794978422,
  "slippage_usdt_total": 0.0130662482019,
  "slippage_coverage": 1.0,
  "cost_usdt_total": 0.0287457460441,
  "cost_ratio": 0.00032090734230732224,
  "win_rate": null,
  "profit_factor": null,
  "budget": {
    "ymd_utc": "20260217",
    "avg_equity_est": 89.5764672675241,
    "turnover_used": 190.7055659630562,
    "turnover_budget_per_day": null,
    "cost_used_usdt": 0.2097761225594378,
    "cost_used_bps": 23.418664405789983,
    "cost_budget_bps_per_day": null,
    "exceeded": false,
    "reason": null,
    "fills_count_today": 12,
    "median_notional_usdt_today": 14.31298356047,
    "small_trade_ratio_today": 0.4166666666666667,
    "small_trade_notional_cutoff": 1.0
  }
}