{
  "run_id": "20260219_10",
  "start_ts": 1771491600,
  "end_ts": 1771495200,
  "window_start_ts": 1771491600,
  "window_end_ts": 1771495200,
  "avg_equity": 90.74460788360423,
  "equity_start": 110.9606763972173,
  "equity_end": 110.96249236195345,
  "total_return_pct": 1.6365840540322196e-05,
  "max_drawdown_pct": 0.8197589151588167,
  "sharpe": 41.259177974755474,
  "num_trades": 3,
  "num_round_trips": 2,
  "turnover_ratio": 0.15291510647139653,
  "fees_usdt_total": 0.008325732825705881,
  "slippage_usdt_total": 0.00693811068809323,
  "slippage_coverage": 1.0,
  "cost_usdt_total": 0.01526384351379911,
  "cost_ratio": 0.0001682066171179851,
  "win_rate": 1.0,
  "profit_factor": 6130076017.29,
  "budget": {
    "ymd_utc": "20260219",
    "avg_equity_est": 90.74460788360423,
    "turnover_used": 27.74631298692647,
    "turnover_budget_per_day": null,
    "cost_used_usdt": 0.03052094428552911,
    "cost_used_bps": 3.3633892963290486,
    "cost_budget_bps_per_day": null,
    "exceeded": false,
    "reason": null,
    "fills_count_today": 4,
    "median_notional_usdt_today": 6.938098863313235,
    "small_trade_ratio_today": 0.5,
    "small_trade_notional_cutoff": 1.0
  }
}