{
  "run_id": "20260219_21",
  "start_ts": 1771531200,
  "end_ts": 1771534800,
  "window_start_ts": 1771531200,
  "window_end_ts": 1771534800,
  "avg_equity": 79.49764876778693,
  "equity_start": 20.0,
  "equity_end": 109.24647315168039,
  "total_return_pct": 4.46232365758402,
  "max_drawdown_pct": 0.8169277284381389,
  "sharpe": 64.89731192511863,
  "num_trades": 0,
  "turnover_ratio": 0.0,
  "fees_usdt_total": 0.0,
  "slippage_usdt_total": 0.0,
  "cost_usdt_total": 0.0,
  "cost_ratio": 0.0,
  "win_rate": null,
  "profit_factor": null,
  "budget": {
    "ymd_utc": "20260219",
    "avg_equity_est": 79.49764876778693,
    "turnover_used": 69.1576701680321,
    "turnover_budget_per_day": null,
    "cost_used_usdt": 0.07607343718478532,
    "cost_used_bps": 9.569268822905222,
    "cost_budget_bps_per_day": null,
    "exceeded": false,
    "reason": null,
    "fills_count_today": 16,
    "median_notional_usdt_today": 0.003097450043,
    "small_trade_ratio_today": 0.6875,
    "small_trade_notional_cutoff": 1.0
  }
}