{
  "run_id": "20260220_15",
  "start_ts": 1771596000,
  "end_ts": 1771599600,
  "window_start_ts": 1771596000,
  "window_end_ts": 1771599600,
  "avg_equity": 79.49768876827352,
  "equity_start": 20.0,
  "equity_end": 109.2465331524103,
  "total_return_pct": 4.4623266576205145,
  "max_drawdown_pct": 0.8169278289856767,
  "sharpe": 64.89731811305421,
  "num_trades": 0,
  "turnover_ratio": 0.0,
  "fees_usdt_total": 0.0,
  "slippage_usdt_total": 0.0,
  "cost_usdt_total": 0.0,
  "cost_ratio": 0.0,
  "win_rate": null,
  "profit_factor": null,
  "budget": {
    "ymd_utc": "20260220",
    "avg_equity_est": 79.49768876827352,
    "turnover_used": 81.93694219285074,
    "turnover_budget_per_day": null,
    "cost_used_usdt": 0.09013063641211581,
    "cost_used_bps": 11.337516575461219,
    "cost_budget_bps_per_day": null,
    "exceeded": false,
    "reason": null,
    "fills_count_today": 10,
    "median_notional_usdt_today": 13.655624006,
    "small_trade_ratio_today": 0.4,
    "small_trade_notional_cutoff": 1.0
  }
}