{
  "run_id": "20260218_18",
  "start_ts": 1771434000,
  "end_ts": 1771437600,
  "window_start_ts": 1771434000,
  "window_end_ts": 1771437600,
  "avg_equity": 90.74468443598914,
  "equity_start": 110.96076729901598,
  "equity_end": 110.96259820378319,
  "total_return_pct": 1.6500469596225642e-05,
  "max_drawdown_pct": 0.819759087082028,
  "sharpe": 41.25918977513441,
  "num_trades": 4,
  "num_round_trips": 3,
  "turnover_ratio": 0.15295054805352742,
  "fees_usdt_total": 0.008327669530447359,
  "slippage_usdt_total": 0.00693972460870447,
  "slippage_coverage": 1.0,
  "cost_usdt_total": 0.015267394139151829,
  "cost_ratio": 0.00016824560285865972,
  "win_rate": 1.0,
  "profit_factor": 9343016393.406199,
  "budget": {
    "ymd_utc": "20260218",
    "avg_equity_est": 90.74468443598914,
    "turnover_used": 13.88903901833399,
    "turnover_budget_per_day": null,
    "cost_used_usdt": 0.01527794292014738,
    "cost_used_bps": 1.6836184967863728,
    "cost_budget_bps_per_day": null,
    "exceeded": false,
    "reason": null,
    "fills_count_today": 8,
    "median_notional_usdt_today": 0.003157163885,
    "small_trade_ratio_today": 0.875,
    "small_trade_notional_cutoff": 1.0
  }
}