{
  "run_id": "20260220_05",
  "start_ts": 1771560000,
  "end_ts": 1771563600,
  "window_start_ts": 1771560000,
  "window_end_ts": 1771563600,
  "avg_equity": 89.41010278457152,
  "equity_start": 109.24499642749262,
  "equity_end": 109.2464945381709,
  "total_return_pct": 1.3713311613816614e-05,
  "max_drawdown_pct": 0.8169277642770316,
  "sharpe": 41.06475390467446,
  "num_trades": 1,
  "num_round_trips": 0,
  "turnover_ratio": 0.15273021871255912,
  "fees_usdt_total": 0.00819337473206,
  "slippage_usdt_total": 0.00682781227672,
  "slippage_coverage": 1.0,
  "cost_usdt_total": 0.01502118700878,
  "cost_ratio": 0.0001680032405842624,
  "win_rate": null,
  "profit_factor": null,
  "budget": {
    "ymd_utc": "20260220",
    "avg_equity_est": 89.41010278457152,
    "turnover_used": 27.3112522682,
    "turnover_budget_per_day": null,
    "cost_used_usdt": 0.03004237749501,
    "cost_used_bps": 3.3600652006178064,
    "cost_budget_bps_per_day": null,
    "exceeded": false,
    "reason": null,
    "fills_count_today": 2,
    "median_notional_usdt_today": 13.6556261341,
    "small_trade_ratio_today": 0.0,
    "small_trade_notional_cutoff": 1.0
  }
}