{
  "run_id": "20260222_03",
  "start_ts": 1771725600,
  "end_ts": 1771729200,
  "window_start_ts": 1771725600,
  "window_end_ts": 1771729200,
  "avg_equity": 79.4977108756113,
  "equity_start": 20.0,
  "equity_end": 109.24656631341696,
  "total_return_pct": 4.462328315670848,
  "max_drawdown_pct": 0.8169278845559128,
  "sharpe": 64.89732153297933,
  "num_trades": 0,
  "turnover_ratio": 0.0,
  "fees_usdt_total": 0.0,
  "slippage_usdt_total": 0.0,
  "cost_usdt_total": 0.0,
  "cost_ratio": 0.0,
  "win_rate": null,
  "profit_factor": null,
  "budget": {
    "ymd_utc": "20260222",
    "avg_equity_est": 79.4977108756113,
    "turnover_used": 13.655704410234945,
    "turnover_budget_per_day": null,
    "cost_used_usdt": 0.015021274851208442,
    "cost_used_bps": 1.8895229416997894,
    "cost_budget_bps_per_day": null,
    "exceeded": false,
    "reason": null,
    "fills_count_today": 3,
    "median_notional_usdt_today": 5.75885187447e-05,
    "small_trade_ratio_today": 0.6666666666666666,
    "small_trade_notional_cutoff": 1.0
  }
}