{
  "training_date": "2026-03-01 04:47:11.433417",
  "n_samples": 8980,
  "n_features": 4,
  "lookback_days": 374,
  "state_labels": {
    "1": "TrendingUp",
    "0": "Sideways",
    "2": "TrendingDown"
  },
  "state_stats": {
    "0": {
      "mom_5d": -6.253042190178083e-06,
      "mom_20d": -1.985522631466697e-05,
      "volatility": 0.003155465663871366,
      "rsi": 49.89749476892426
    },
    "1": {
      "mom_5d": 0.0021322057874179935,
      "mom_20d": 0.011166527666575825,
      "volatility": 0.007456627620711895,
      "rsi": 57.428584524041334
    },
    "2": {
      "mom_5d": -0.0028571008469492854,
      "mom_20d": -0.014602575362185441,
      "volatility": 0.00533420194027564,
      "rsi": 38.73458523214303
    }
  }
}