{"learner":{"attributes":{"best_iteration":"0","best_score":"0.2546002015465982","scikit_learn":"{\"_estimator_type\": \"regressor\"}"},"feature_names":["returns_24h","volatility_24h","volatility_ratio","volume_ratio","obv"],"feature_types":["float","float","float","float","float"],"gradient_booster":{"model":{"cats":{"enc":[],"feature_segments":[],"sorted_idx":[]},"gbtree_model_param":{"num_parallel_tree":"1","num_trees":"11"},"iteration_indptr":[0,1,2,3,4,5,6,7,8,9,10,11],"tree_info":[0,0,0,0,0,0,0,0,0,0,0],"trees":[{"base_weights":[-0E0,3.411467E-4,-6.053884E-2,-0E0,2.0564736E-3,-0E0,-3.3946242E-3],"categories":[],"categories_nodes":[],"categories_segments":[],"categories_sizes":[],"default_left":[0,0,0,0,0,0,0],"id":0,"left_children":[1,3,5,-1,-1,-1,-1],"loss_changes":[1.0050595E-1,7.933092E-2,2.046828E-2,0E0,0E0,0E0,0E0],"parents":[2147483647,0,0,1,1,2,2],"right_children":[2,4,6,-1,-1,-1,-1],"split_conditions":[2.0917136E-2,-1.0852713E-2,6.3140225E-1,-0E0,2.0564736E-3,-0E0,-3.3946242E-3],"split_indices":[0,0,2,0,0,0,0],"split_type":[0,0,0,0,0,0,0],"sum_hessian":[1.3004594E2,1.1062617E2,1.9419777E1,7.1721954E1,3.8904213E1,1.1775987E0,1.8242178E1],"tree_param":{"num_deleted":"0","num_feature":"5","num_nodes":"7","size_leaf_vector":"1"}},{"base_weights":[-0E0,4.5265104E-3,-4.0253185E-2,-0E0,2.5907597E-3,-2.1759009E-3,-0E0],"categories":[],"categories_nodes":[],"categories_segments":[],"categories_sizes":[],"default_left":[0,0,0,0,0,0,0],"id":1,"left_children":[1,3,5,-1,-1,-1,-1],"loss_changes":[3.5855908E-2,1.2201092E-1,3.5046414E-3,0E0,0E0,0E0,0E0],"parents":[2147483647,0,0,1,1,2,2],"right_children":[2,4,6,-1,-1,-1,-1],"split_conditions":[2.7069783E-2,8.5618526E-1,4.7377663E0,-0E0,2.5907597E-3,-2.1759009E-3,-0E0],"split_indices":[0,3,3,0,0,0,0],"split_type":[0,0,0,0,0,0,0],"sum_hessian":[1.3248677E2,1.19976135E2,1.2510632E1,8.155465E1,3.8421482E1,1.1399126E1,1.1115053E0],"tree_param":{"num_deleted":"0","num_feature":"5","num_nodes":"7","size_leaf_vector":"1"}},{"base_weights":[-0E0,5.2394055E-2,-8.771376E-2,-4.550885E-4,6.0563064E-3,-4.9495935E-3,-0E0],"categories":[],"categories_nodes":[],"categories_segments":[],"categories_sizes":[],"default_left":[0,0,0,0,0,0,0],"id":2,"left_children":[1,3,5,-1,-1,-1,-1],"loss_changes":[6.9478744E-1,6.360136E-1,1.0193837E-1,0E0,0E0,0E0,0E0],"parents":[2147483647,0,0,1,1,2,2],"right_children":[2,4,6,-1,-1,-1,-1],"split_conditions":[-3.157174E4,-1.6159792E6,9.447772E-3,-4.550885E-4,6.0563064E-3,-4.9495935E-3,-0E0],"split_indices":[4,4,1,0,0,0,0],"split_type":[0,0,0,0,0,0,0],"sum_hessian":[1.3565396E2,8.737979E1,4.827417E1,3.4423016E1,5.2956776E1,4.6584553E1,1.6896192E0],"tree_param":{"num_deleted":"0","num_feature":"5","num_nodes":"7","size_leaf_vector":"1"}},{"base_weights":[-0E0,2.8905993E-2,-6.1961147E-3,-0E0,2.4830373E-3,-1.4658779E-3,-0E0],"categories":[],"categories_nodes":[],"categories_segments":[],"categories_sizes":[],"default_left":[0,0,0,0,0,0,0],"id":3,"left_children":[1,3,5,-1,-1,-1,-1],"loss_changes":[4.633654E-2,5.895996E-2,3.41148E-2,0E0,0E0,0E0,0E0],"parents":[2147483647,0,0,1,1,2,2],"right_children":[2,4,6,-1,-1,-1,-1],"split_conditions":[6.818855E-1,3.5563266E-1,7.96373E-1,-0E0,2.4830373E-3,-1.4658779E-3,-0E0],"split_indices":[2,3,3,0,0,0,0],"split_type":[0,0,0,0,0,0,0],"sum_hessian":[1.3292644E2,4.2954315E1,8.997213E1,9.783443E0,3.317087E1,3.6066647E1,5.390548E1],"tree_param":{"num_deleted":"0","num_feature":"5","num_nodes":"7","size_leaf_vector":"1"}},{"base_weights":[-0E0,-2.388161E-2,1.4384218E-2,-0E0,-3.9258464E-3,2.6501936E-3,-0E0],"categories":[],"categories_nodes":[],"categories_segments":[],"categories_sizes":[],"default_left":[0,0,0,0,0,0,0],"id":4,"left_children":[1,3,5,-1,-1,-1,-1],"loss_changes":[6.1448198E-2,2.696553E-1,1.11133814E-1,0E0,0E0,0E0,0E0],"parents":[2147483647,0,0,1,1,2,2],"right_children":[2,4,6,-1,-1,-1,-1],"split_conditions":[9.510891E-1,6.868486E-1,2.0917136E-2,-0E0,-3.9258464E-3,2.6501936E-3,-0E0],"split_indices":[2,2,0,0,0,0,0],"split_type":[0,0,0,0,0,0,0],"sum_hessian":[1.2760991E2,7.932044E1,4.828947E1,3.5501846E1,4.3818592E1,3.5703274E1,1.2586199E1],"tree_param":{"num_deleted":"0","num_feature":"5","num_nodes":"7","size_leaf_vector":"1"}},{"base_weights":[-0E0,4.670506E-2,-9.394914E-2,-0E0,6.0117426E-3,-0E0,-5.3436304E-3],"categories":[],"categories_nodes":[],"categories_segments":[],"categories_sizes":[],"default_left":[0,0,0,0,0,0,0],"id":5,"left_children":[1,3,5,-1,-1,-1,-1],"loss_changes":[6.905168E-1,4.6948662E-1,1.06672704E-1,0E0,0E0,0E0,0E0],"parents":[2147483647,0,0,1,1,2,2],"right_children":[2,4,6,-1,-1,-1,-1],"split_conditions":[-4.5303742E4,-1.4587514E6,4.5606685E-3,-0E0,6.0117426E-3,-0E0,-5.3436304E-3],"split_indices":[4,4,1,0,0,0,0],"split_type":[0,0,0,0,0,0,0],"sum_hessian":[1.2286763E2,7.253933E1,5.0328297E1,3.591057E1,3.6628765E1,3.9142423E0,4.6414055E1],"tree_param":{"num_deleted":"0","num_feature":"5","num_nodes":"7","size_leaf_vector":"1"}},{"base_weights":[-0E0,-2.5387846E-2,3.441921E-2,-0E0,-3.331044E-3,-0E0,2.4212846E-3],"categories":[],"categories_nodes":[],"categories_segments":[],"categories_sizes":[],"default_left":[0,0,0,0,0,0,0],"id":6,"left_children":[1,3,5,-1,-1,-1,-1],"loss_changes":[1.215738E-1,1.6082416E-1,3.8345385E-2,0E0,0E0,0E0,0E0],"parents":[2147483647,0,0,1,1,2,2],"right_children":[2,4,6,-1,-1,-1,-1],"split_conditions":[7.118609E-3,5.0663347E-3,-4.097439E-2,-0E0,-3.331044E-3,-0E0,2.4212846E-3],"split_indices":[1,1,0,0,0,0,0],"split_type":[0,0,0,0,0,0,0],"sum_hessian":[1.3338333E2,9.456231E1,3.8821026E1,5.1432854E1,4.312945E1,6.816118E0,3.2004906E1],"tree_param":{"num_deleted":"0","num_feature":"5","num_nodes":"7","size_leaf_vector":"1"}},{"base_weights":[-0E0,3.328727E-2,-8.077002E-2,-3.5980574E-4,5.7825204E-3,-0E0,-4.8626023E-3],"categories":[],"categories_nodes":[],"categories_segments":[],"categories_sizes":[],"default_left":[0,0,0,0,0,0,0],"id":7,"left_children":[1,3,5,-1,-1,-1,-1],"loss_changes":[4.3377846E-1,4.9932733E-1,1.15905434E-1,0E0,0E0,0E0,0E0],"parents":[2147483647,0,0,1,1,2,2],"right_children":[2,4,6,-1,-1,-1,-1],"split_conditions":[-4.537555E4,-1.5898602E6,4.052835E-3,-3.5980574E-4,5.7825204E-3,-0E0,-4.8626023E-3],"split_indices":[4,4,1,0,0,0,0],"split_type":[0,0,0,0,0,0,0],"sum_hessian":[1.1914819E2,7.4703316E1,4.4444874E1,3.8699802E1,3.6003517E1,4.0152807E0,4.0429592E1],"tree_param":{"num_deleted":"0","num_feature":"5","num_nodes":"7","size_leaf_vector":"1"}},{"base_weights":[-0E0,3.9764922E-2,-7.936094E-2,-0E0,5.363705E-3,-0E0,-4.3493113E-3],"categories":[],"categories_nodes":[],"categories_segments":[],"categories_sizes":[],"default_left":[0,0,0,0,0,0,0],"id":8,"left_children":[1,3,5,-1,-1,-1,-1],"loss_changes":[5.031889E-1,4.3338218E-1,5.950713E-2,0E0,0E0,0E0,0E0],"parents":[2147483647,0,0,1,1,2,2],"right_children":[2,4,6,-1,-1,-1,-1],"split_conditions":[-3.157174E4,-1.5480175E6,-4.538008E-2,-0E0,5.363705E-3,-0E0,-4.3493113E-3],"split_indices":[4,4,0,0,0,0,0],"split_type":[0,0,0,0,0,0,0],"sum_hessian":[1.2753816E2,7.697878E1,5.0559376E1,3.5641975E1,4.1336807E1,1.952287E0,4.860709E1],"tree_param":{"num_deleted":"0","num_feature":"5","num_nodes":"7","size_leaf_vector":"1"}},{"base_weights":[-0E0,2.2138681E-2,-1.04091475E-2,-0E0,1.7934646E-3,-2.4097632E-3,-0E0],"categories":[],"categories_nodes":[],"categories_segments":[],"categories_sizes":[],"default_left":[0,0,0,0,0,0,0],"id":9,"left_children":[1,3,5,-1,-1,-1,-1],"loss_changes":[3.4288492E-2,2.3675233E-2,9.259325E-2,0E0,0E0,0E0,0E0],"parents":[2147483647,0,0,1,1,2,2],"right_children":[2,4,6,-1,-1,-1,-1],"split_conditions":[6.868486E-1,3.4037814E-1,9.2766374E-1,-0E0,1.7934646E-3,-2.4097632E-3,-0E0],"split_indices":[2,3,2,0,0,0,0],"split_type":[0,0,0,0,0,0,0],"sum_hessian":[1.2588249E2,4.1546654E1,8.433584E1,1.22709875E1,2.9275667E1,3.6170223E1,4.816561E1],"tree_param":{"num_deleted":"0","num_feature":"5","num_nodes":"7","size_leaf_vector":"1"}},{"base_weights":[-0E0,4.7452066E-2,-7.972783E-2,-0E0,6.0220077E-3,-0E0,-4.55642E-3],"categories":[],