{
  "run_id": "20260221_06",
  "start_ts": 1771650000,
  "end_ts": 1771653600,
  "window_start_ts": 1771650000,
  "window_end_ts": 1771653600,
  "avg_equity": 79.49775641288278,
  "equity_start": 20.0,
  "equity_end": 109.24663461932417,
  "total_return_pct": 4.462331730966208,
  "max_drawdown_pct": 0.8169279990208295,
  "sharpe": 64.89732857742408,
  "num_trades": 0,
  "turnover_ratio": 0.0,
  "fees_usdt_total": 0.0,
  "slippage_usdt_total": 0.0,
  "cost_usdt_total": 0.0,
  "cost_ratio": 0.0,
  "win_rate": null,
  "profit_factor": null,
  "budget": {
    "ymd_utc": "20260221",
    "avg_equity_est": 79.49775641288278,
    "turnover_used": 27.31772450391185,
    "turnover_budget_per_day": null,
    "cost_used_usdt": 0.03004949695430304,
    "cost_used_bps": 3.779917611540727,
    "cost_budget_bps_per_day": null,
    "exceeded": false,
    "reason": null,
    "fills_count_today": 10,
    "median_notional_usdt_today": 5.722001172675e-05,
    "small_trade_ratio_today": 0.8,
    "small_trade_notional_cutoff": 1.0
  }
}