{
  "run_id": "20260217_15",
  "start_ts": 1771336800,
  "end_ts": 1771340400,
  "window_start_ts": 1771336800,
  "window_end_ts": 1771340400,
  "avg_equity": 81.70977830914335,
  "equity_start": 20.0,
  "equity_end": 112.56466746371503,
  "total_return_pct": 4.6282333731857515,
  "max_drawdown_pct": 0.8223243540745415,
  "sharpe": 65.22974322373511,
  "num_trades": 0,
  "turnover_ratio": 0.0,
  "fees_usdt_total": 0.0,
  "slippage_usdt_total": 0.0,
  "cost_usdt_total": 0.0,
  "cost_ratio": 0.0,
  "win_rate": null,
  "profit_factor": null,
  "budget": {
    "ymd_utc": "20260217",
    "avg_equity_est": 81.70977830914335,
    "turnover_used": 190.7055659630562,
    "turnover_budget_per_day": null,
    "cost_used_usdt": 0.2097761225594378,
    "cost_used_bps": 25.67331926489437,
    "cost_budget_bps_per_day": null,
    "exceeded": false,
    "reason": null,
    "fills_count_today": 12,
    "median_notional_usdt_today": 14.31298356047,
    "small_trade_ratio_today": 0.4166666666666667,
    "small_trade_notional_cutoff": 1.0
  }
}